,original_title
0,Avatar
1,Pirates of the Caribbean: At World's End
2,Spectre
3,The Dark Knight Rises
4,John Carter
5,Spider-Man 3
6,Tangled
7,Avengers: Age of Ultron
8,Harry Potter and the Half-Blood Prince
9,Batman v Superman: Dawn of Justice
10,Superman Returns
11,Quantum of Solace
12,Pirates of the Caribbean: Dead Man's Chest
13,The Lone Ranger
14,Man of Steel
15,The Chronicles of Narnia: Prince Caspian
16,The Avengers
17,Pirates of the Caribbean: On Stranger Tides
18,Men in Black 3
19,The Hobbit: The Battle of the Five Armies
20,The Amazing Spider-Man
21,Robin Hood
22,The Hobbit: The Desolation of Smaug
23,The Golden Compass
24,King Kong
25,Titanic
26,Captain America: Civil War
27,Battleship
28,Jurassic World
29,Skyfall
30,Spider-Man 2
31,Iron Man 3
32,Alice in Wonderland
33,X-Men: The Last Stand
34,Monsters University
35,Transformers: Revenge of the Fallen
36,Transformers: Age of Extinction
37,Oz: The Great and Powerful
38,The Amazing Spider-Man 2
39,TRON: Legacy
40,Cars 2
41,Green Lantern
42,Toy Story 3
43,Terminator Salvation
44,Furious 7
45,World War Z
46,X-Men: Days of Future Past
47,Star Trek Into Darkness
48,Jack the Giant Slayer
49,The Great Gatsby
50,Prince of Persia: The Sands of Time
51,Pacific Rim
52,Transformers: Dark of the Moon
53,Indiana Jones and the Kingdom of the Crystal Skull
54,The Good Dinosaur
55,Brave
56,Star Trek Beyond
57,WALL·E
58,Rush Hour 3
59,2012
60,A Christmas Carol
61,Jupiter Ascending
62,The Legend of Tarzan
63,"The Chronicles of Narnia: The Lion, the Witch and the Wardrobe"
64,X-Men: Apocalypse
65,The Dark Knight
66,Up
67,Monsters vs Aliens
68,Iron Man
69,Hugo
70,Wild Wild West
71,The Mummy: Tomb of the Dragon Emperor
72,Suicide Squad
73,Evan Almighty
74,Edge of Tomorrow
75,Waterworld
76,G.I. Joe: The Rise of Cobra
77,Inside Out
78,The Jungle Book
79,Iron Man 2
80,Snow White and the Huntsman
81,Maleficent
82,Dawn of the Planet of the Apes
83,The Lovers
84,47 Ronin
85,Captain America: The Winter Soldier
86,Shrek Forever After
87,Tomorrowland
88,Big Hero 6
89,Wreck-It Ralph
90,The Polar Express
91,Independence Day: Resurgence
92,How to Train Your Dragon
93,Terminator 3: Rise of the Machines
94,Guardians of the Galaxy
95,Interstellar
96,Inception
97,シン・ゴジラ
98,The Hobbit: An Unexpected Journey
99,The Fast and the Furious
100,The Curious Case of Benjamin Button
101,X-Men: First Class
102,The Hunger Games: Mockingjay - Part 2
103,The Sorcerer's Apprentice
104,Poseidon
105,Alice Through the Looking Glass
106,Shrek the Third
107,Warcraft
108,Terminator Genisys
109,The Chronicles of Narnia: The Voyage of the Dawn Treader
110,Pearl Harbor
111,Transformers
112,Alexander
113,Harry Potter and the Order of the Phoenix
114,Harry Potter and the Goblet of Fire
115,Hancock
116,I Am Legend
117,Charlie and the Chocolate Factory
118,Ratatouille
119,Batman Begins
120,Madagascar: Escape 2 Africa
121,Night at the Museum: Battle of the Smithsonian
122,X-Men Origins: Wolverine
123,The Matrix Revolutions
124,Frozen
125,The Matrix Reloaded
126,Thor: The Dark World
127,Mad Max: Fury Road
128,Angels & Demons
129,Thor
130,Bolt
131,G-Force
132,Wrath of the Titans
133,Dark Shadows
134,Mission: Impossible - Rogue Nation
135,The Wolfman
136,Bee Movie
137,Kung Fu Panda 2
138,The Last Airbender
139,Mission: Impossible III
140,White House Down
141,Mars Needs Moms
142,Flushed Away
143,Pan
144,Mr. Peabody & Sherman
145,Troy
146,Madagascar 3: Europe's Most Wanted
147,Die Another Day
148,Ghostbusters
149,Armageddon
150,Men in Black II
151,Beowulf
152,Kung Fu Panda 3
153,Mission: Impossible - Ghost Protocol
154,Rise of the Guardians
155,Fun with Dick and Jane
156,The Last Samurai
157,Exodus: Gods and Kings
158,Star Trek
159,Spider-Man
160,How to Train Your Dragon 2
161,Gods of Egypt
162,Stealth
163,Watchmen
164,Lethal Weapon 4
165,Hulk
166,G.I. Joe: Retaliation
167,Sahara
168,Final Fantasy: The Spirits Within
169,Captain America: The First Avenger
170,The World Is Not Enough
171,Master and Commander: The Far Side of the World
172,The Twilight Saga: Breaking Dawn - Part 2
173,Happy Feet Two
174,The Incredible Hulk
175,The BFG
176,The Revenant
177,Turbo
178,Rango
179,Penguins of Madagascar
180,The Bourne Ultimatum
181,Kung Fu Panda
182,Ant-Man
183,The Hunger Games: Catching Fire
184,Home
185,War of the Worlds
186,Bad Boys II
187,Puss in Boots
188,Salt
189,Noah
190,The Adventures of Tintin
191,Harry Potter and the Prisoner of Azkaban
192,Australia
193,After Earth
194,Dinosaur
195,Night at the Museum: Secret of the Tomb
196,Megamind
197,Harry Potter and the Philosopher's Stone
198,R.I.P.D.
199,Pirates of the Caribbean: The Curse of the Black Pearl
200,The Hunger Games: Mockingjay - Part 1
201,The Da Vinci Code
202,Rio 2
203,X2
204,Fast Five
205,Sherlock Holmes: A Game of Shadows
206,Clash of the Titans
207,Total Recall
208,The 13th Warrior
209,The Bourne Legacy
210,Batman & Robin
211,How the Grinch Stole Christmas
212,The Day After Tomorrow
213,Mission: Impossible II
214,The Perfect Storm
215,4: Rise of the Silver Surfer
216,Life of Pi
217,Ghost Rider
218,Jason Bourne
219,Charlie's Angels: Full Throttle
220,Prometheus
221,Stuart Little 2
222,Elysium
223,The Chronicles of Riddick
224,RoboCop
225,Speed Racer
226,How Do You Know
227,Knight and Day
228,Oblivion
229,Star Wars: Episode III - Revenge of the Sith
230,Star Wars: Episode II - Attack of the Clones
231,"Monsters, Inc."
232,The Wolverine
233,Star Wars: Episode I - The Phantom Menace
234,The Croods
235,Astérix aux Jeux Olympiques
236,Windtalkers
237,The Huntsman: Winter's War
238,Teenage Mutant Ninja Turtles
239,Gravity
240,Dante's Peak
241,Teenage Mutant Ninja Turtles: Out of the Shadows
242,Fantastic Four
243,Night at the Museum
244,San Andreas
245,Tomorrow Never Dies
246,The Patriot
247,Ocean's Twelve
248,Mr. & Mrs. Smith
249,Insurgent
250,The Aviator
251,Gulliver's Travels
252,The Green Hornet
253,300: Rise of an Empire
254,The Smurfs
255,Home on the Range
256,Allegiant
257,Real Steel
258,The Smurfs 2
259,Speed 2: Cruise Control
260,Ender's Game
261,Live Free or Die Hard
262,The Lord of the Rings: The Fellowship of the Ring
263,Around the World in 80 Days
264,Ali
265,"I, Robot"
266,Kingdom of Heaven
267,Stuart Little
268,The Princess and the Frog
269,The Martian
270,The Island
271,Town & Country
272,Gone in Sixty Seconds
273,Gladiator
274,Minority Report
275,Harry Potter and the Chamber of Secrets
276,Casino Royale
277,Planet of the Apes
278,Terminator 2: Judgment Day
279,Public Enemies
280,American Gangster
281,True Lies
282,The Taking of Pelham 1 2 3
283,Little Fockers
284,The Other Guys
285,Eraser
286,Django Unchained
287,The Hunchback of Notre Dame
288,The Emperor's New Groove
289,The Expendables 2
290,National Treasure
291,Eragon
292,Where the Wild Things Are
293,Epic
294,The Tourist
295,End of Days
296,Blood Diamond
297,The Wolf of Wall Street
298,Batman Forever
299,Starship Troopers
300,Cloud Atlas
301,Legend of the Guardians: The Owls of Ga'Hoole
302,Catwoman
303,Hercules
304,Treasure Planet
305,Land of the Lost
306,The Expendables 3
307,Point Break
308,Son of the Mask
309,In the Heart of the Sea
310,The Adventures of Pluto Nash
311,Green Zone
312,The Peanuts Movie
313,The Spanish Prisoner
314,The Mummy Returns
315,Gangs of New York
316,金陵十三釵
317,Surf's Up
318,The Stepford Wives
319,Black Hawk Down
320,The Fifth Element
321,Sex and the City 2
322,The Road to El Dorado
323,Ice Age: Continental Drift
324,Cinderella
325,The Lovely Bones
326,Finding Nemo
327,The Lord of the Rings: The Return of the King
328,The Lord of the Rings: The Two Towers
329,Seventh Son
330,Lara Croft: Tomb Raider
331,Transcendence
332,Jurassic Park III
333,Rise of the Planet of the Apes
334,The Spiderwick Chronicles
335,A Good Day to Die Hard
336,The Alamo
337,The Incredibles
338,Cutthroat Island
339,Percy Jackson & the Olympians: The Lightning Thief
340,Men in Black
341,Toy Story 2
342,Unstoppable
343,Rush Hour 2
344,What Lies Beneath
345,Cloudy with a Chance of Meatballs
346,Ice Age: Dawn of the Dinosaurs
347,The Secret Life of Walter Mitty
348,Charlie's Angels
349,The Departed
350,Mulan
351,Tropic Thunder
352,The Girl with the Dragon Tattoo
353,Die Hard: With a Vengeance
354,Sherlock Holmes
355,Ben-Hur
356,Atlantis: The Lost Empire
357,Valkyrie
358,You Don't Mess with the Zohan
359,Pixels
360,A.I. Artificial Intelligence
361,The Haunted Mansion
362,Contact
363,Hollow Man
364,The Interpreter
365,Percy Jackson: Sea of Monsters
366,Lara Croft Tomb Raider: The Cradle of Life
367,Now You See Me 2
368,The Saint
369,Spy Game
370,Mission to Mars
371,Rio
372,Bicentennial Man
373,Volcano
374,The Devil's Own
375,K-19: The Widowmaker
376,Conan the Barbarian
377,Cinderella Man
378,The Nutcracker: The Untold Story
379,Seabiscuit
380,Twister
381,Cast Away
382,Happy Feet
383,The Bourne Supremacy
384,Air Force One
385,Ocean's Eleven
386,The Three Musketeers
387,Hotel Transylvania
388,Enchanted
389,Safe House
390,102 Dalmatians
391,Tower Heist
392,The Holiday
393,Enemy of the State
394,It's Complicated
395,Ocean's Thirteen
396,Open Season
397,Divergent
398,Enemy at the Gates
399,The Rundown
400,Last Action Hero
401,Memoirs of a Geisha
402,The Fast and the Furious: Tokyo Drift
403,Meet Joe Black
404,Collateral Damage
405,Mirror Mirror
406,Scott Pilgrim vs. the World
407,The Core
408,Nutty Professor II: The Klumps
409,Scooby-Doo
410,Dredd
411,Click
412,Creepshow
413,Cats & Dogs 2 : The Revenge of Kitty Galore
414,Jumper
415,Hellboy II: The Golden Army
416,Zodiac
417,The 6th Day
418,Bruce Almighty
419,The Expendables
420,Mission: Impossible
421,The Hunger Games
422,The Hangover Part II
423,Batman Returns
424,Over the Hedge
425,Lilo & Stitch
426,Charlotte's Web
427,Deep Impact
428,RED 2
429,The Longest Yard
430,Alvin and the Chipmunks: Chipwrecked
431,Grown Ups 2
432,Get Smart
433,Something's Gotta Give
434,Shutter Island
435,Four Christmases
436,Robots
437,Face/Off
438,Bedtime Stories
439,Road to Perdition
440,Just Go with It
441,Con Air
442,Eagle Eye
443,Cold Mountain
444,The Book of Eli
445,Flubber
446,The Haunting
447,Space Jam
448,The Day the Earth Stood Still
449,Conspiracy Theory
450,Fury
451,Six Days Seven Nights
452,Yogi Bear
453,Spirit: Stallion of the Cimarron
454,Zookeeper
455,Lost in Space
456,The Manchurian Candidate
457,Hotel Transylvania 2
458,Fantasia 2000
459,The Time Machine
460,Mighty Joe Young
461,Swordfish
462,The Legend of Zorro
463,What Dreams May Come
464,Little Nicky
465,The Brothers Grimm
466,Mars Attacks!
467,Surrogates
468,Thirteen Days
469,Daylight
470,Walking With Dinosaurs
471,Battlefield Earth
472,Looney Tunes: Back in Action
473,Nine
474,Timeline
475,The Postman
476,Babe: Pig in the City
477,The Last Witch Hunter
478,Red Planet
479,Arthur et les Minimoys
480,A Sound of Thunder
481,Pompeii
482,Don Gato: El inicio de la pandilla
483,A Beautiful Mind
484,The Lion King
485,Journey 2: The Mysterious Island
486,Cloudy with a Chance of Meatballs 2
487,Red Dragon
488,Hidalgo
489,Jack and Jill
490,2 Fast 2 Furious
491,The Little Prince
492,The Invasion
493,The Adventures of Rocky & Bullwinkle
494,The Secret Life of Pets
495,The League of Extraordinary Gentlemen
496,Despicable Me 2
497,Independence Day
498,The Lost World: Jurassic Park
499,Madagascar
500,Children of Men
501,X-Men
502,Wanted
503,The Rock
504,Ice Age: The Meltdown
505,50 First Dates
506,Hairspray
507,Exorcist: The Beginning
508,Inspector Gadget
509,Now You See Me
510,Grown Ups
511,The Terminal
512,Hotel for Dogs
513,Vertical Limit
514,Charlie Wilson's War
515,Shark Tale
516,Dreamgirls
517,Be Cool
518,Munich
519,Tears of the Sun
520,Killers
521,The Man from U.N.C.L.E.
522,Spanglish
523,Monster House
524,Bandits
525,First Knight
526,Anna and the King
527,Immortals
528,Hostage
529,Titan A.E.
530,Hollywood Homicide
531,Soldier
532,Monkeybone
533,Flight of the Phoenix
534,Unbreakable
535,Minions
536,Sucker Punch
537,Snake Eyes
538,Sphere
539,The Angry Birds Movie
540,Fool's Gold
541,Funny People
542,The Kingdom
543,Talladega Nights: The Ballad of Ricky Bobby
544,Dr. Dolittle 2
545,Braveheart
546,Jarhead
547,The Simpsons Movie
548,The Majestic
549,Driven
550,Deux frères
551,The Village
552,Doctor Dolittle
553,Signs
554,Shrek 2
555,Cars
556,Runaway Bride
557,xXx
558,The SpongeBob Movie: Sponge Out of Water
559,Ransom
560,Inglourious Basterds
561,Hook
562,Die Hard 2
563,S.W.A.T.
564,Vanilla Sky
565,Lady in the Water
566,AVP: Alien vs. Predator
567,Alvin and the Chipmunks: The Squeakquel
568,We Were Soldiers
569,Olympus Has Fallen
570,Star Trek: Insurrection
571,Battle: Los Angeles
572,Big Fish
573,War Horse
574,The Monuments Men
575,The Abyss
576,Wall Street: Money Never Sleeps
577,Dracula Untold
578,The Siege
579,Stardust
580,Seven Years in Tibet
581,The Dilemma
582,Bad Company
583,Doom
584,I Spy
585,Underworld: Awakening
586,Rock of Ages
587,Hart's War
588,Killer Elite
589,Ballistic: Ecks vs. Sever
590,Hard Rain
591,Osmosis Jones
592,Legends of Oz: Dorothy's Return
593,Blackhat
594,Sky Captain and the World of Tomorrow
595,Basic Instinct 2
596,Escape Plan
597,The Legend of Hercules
598,The Sum of All Fears
599,The Twilight Saga: Eclipse
600,The Score
601,Despicable Me
602,Money Train
603,Ted 2
604,Agora
605,Mystery Men
606,Hall Pass
607,The Insider
608,The Finest Hours
609,Body of Lies
610,Dinner for Schmucks
611,Abraham Lincoln: Vampire Hunter
612,Entrapment
613,The X Files
614,The Last Legion
615,Saving Private Ryan
616,Need for Speed
617,What Women Want
618,Ice Age
619,Dreamcatcher
620,Lincoln
621,The Matrix
622,Apollo 13
623,The Santa Clause 2
624,Les Misérables
625,You've Got Mail
626,Step Brothers
627,The Mask of Zorro
628,Due Date
629,Unbroken
630,Space Cowboys
631,Cliffhanger
632,Broken Arrow
633,The Kid
634,World Trade Center
635,Mona Lisa Smile
636,The Dictator
637,Eyes Wide Shut
638,Annie
639,Focus
640,This Means War
641,Blade: Trinity
642,Red Dawn
643,Primary Colors
644,Resident Evil: Retribution
645,Death Race
646,The Long Kiss Goodnight
647,Proof of Life
648,Zathura: A Space Adventure
649,Fight Club
650,We Are Marshall
651,Hudson Hawk
652,Lucky Numbers
653,"I, Frankenstein"
654,Oliver Twist
655,Elektra
656,Sin City: A Dame to Kill For
657,Random Hearts
658,Everest
659,Perfume: The Story of a Murderer
660,Austin Powers in Goldmember
661,Astro Boy
662,Jurassic Park
663,Wyatt Earp
664,Clear and Present Danger
665,天將雄師
666,Little Man
667,U-571
668,The American President
669,The Love Guru
670,3000 Miles to Graceland
671,The Hateful Eight
672,Blades of Glory
673,Hop
674,300
675,Meet the Fockers
676,Marley & Me
677,The Green Mile
678,Chicken Little
679,Gone Girl
680,The Bourne Identity
681,GoldenEye
682,The General's Daughter
683,The Truman Show
684,The Prince of Egypt
685,Daddy Day Care
686,2 Guns
687,Cats & Dogs
688,The Italian Job
689,Two Weeks Notice
690,Antz
691,Couples Retreat
692,Days of Thunder
693,Cheaper by the Dozen 2
694,Maze Runner: The Scorch Trials
695,Eat Pray Love
696,The Family Man
697,RED
698,Any Given Sunday
699,The Horse Whisperer
700,Collateral
701,The Scorpion King
702,Ladder 49
703,Jack Reacher
704,Deep Blue Sea
705,Michael Jackson's This Is It
706,Contagion
707,Coraline
708,The Happening
709,Man on Fire
710,The Shaggy Dog
711,Starsky & Hutch
712,Jingle All the Way
713,Hellboy
714,A Civil Action
715,ParaNorman
716,The Jackal
717,Paycheck
718,Up Close & Personal
719,The Tale of Despereaux
720,Under Siege 2: Dark Territory
721,Jack Ryan: Shadow Recruit
722,Joy
723,London Has Fallen
724,Alien: Resurrection
725,Shooter
726,The Boxtrolls
727,Practical Magic
728,The Lego Movie
729,Reign of Fire
730,Gangster Squad
731,Year One
732,Invictus
733,State of Play
734,Duplicity
735,My Favorite Martian
736,The Sentinel
737,Planet 51
738,Star Trek: Nemesis
739,Intolerable Cruelty
740,Edge of Darkness
741,The Relic
742,Analyze That
743,Righteous Kill
744,Mercury Rising
745,The Soloist
746,The Legend of Bagger Vance
747,Almost Famous
748,xXx: State of the Union
749,Priest
750,Sinbad: Legend of the Seven Seas
751,Event Horizon
752,Dragonfly
753,The Black Dahlia
754,Flyboys
755,The Last Castle
756,Supernova
757,Winter's Tale
758,The Mortal Instruments: City of Bones
759,Meet Dave
760,Dark Water
761,Edtv
762,Inkheart
763,The Spirit
764,Mortdecai
765,In the Name of the King: A Dungeon Siege Tale
766,Beyond Borders
767,西游记之孙悟空三打白骨精
768,The Great Raid
769,Deadpool
770,Holy Man
771,American Sniper
772,Goosebumps
773,Just Like Heaven
774,The Flintstones in Viva Rock Vegas
775,Rambo III
776,Leatherheads
777,The Ridiculous 6
778,Did You Hear About the Morgans?
779,The Internship
780,Resident Evil: Afterlife
781,Red Tails
782,The Devil's Advocate
783,That's My Boy
784,DragonHeart
785,After the Sunset
786,Ghost Rider: Spirit of Vengeance
787,Captain Corelli's Mandolin
788,The Pacifier
789,Walking Tall
790,Forrest Gump
791,Alvin and the Chipmunks
792,Meet the Parents
793,Pocahontas
794,Superman
795,The Nutty Professor
796,Hitch
797,George of the Jungle
798,American Wedding
799,Captain Phillips
800,Date Night
801,Casper
802,The Equalizer
803,Maid in Manhattan
804,Crimson Tide
805,The Pursuit of Happyness
806,Flightplan
807,Disclosure
808,City of Angels
809,Kill Bill: Vol. 1
810,Bowfinger
811,Kill Bill: Vol. 2
812,Tango & Cash
813,Death Becomes Her
814,Shanghai Noon
815,Executive Decision
816,Mr. Popper's Penguins
817,The Forbidden Kingdom
818,Free Birds
819,Alien³
820,Evita
821,Ronin
822,The Ghost and the Darkness
823,Paddington
824,The Watch
825,The Hunted
826,Instinct
827,Stuck on You
828,The Pirates! In an Adventure with Scientists!
829,Changeling
830,Chain Reaction
831,The Fan
832,The Phantom of the Opera
833,Elizabeth: The Golden Age
834,Æon Flux
835,Gods and Generals
836,Turbulence
837,Imagine That
838,Muppets Most Wanted
839,Thunderbirds
840,Burlesque
841,Un long dimanche de fiançailles
842,Lolita
843,D-Tox
844,Blade II
845,Seven Pounds
846,Bullet to the Head
847,The Godfather: Part III
848,Elizabethtown
849,"You, Me and Dupree"
850,Superman II
851,Gigli
852,All the King's Men
853,Shaft
854,Anastasia
855,Moulin Rouge!
856,Domestic Disturbance
857,Black Mass
858,Flags of Our Fathers
859,Law Abiding Citizen
860,Grindhouse
861,Catch Me If You Can
862,Zero Dark Thirty
863,The Break-Up
864,Mamma Mia!
865,Valentine's Day
866,The Dukes of Hazzard
867,The Thin Red Line
868,The Change-Up
869,Man on the Moon
870,Casino
871,From Paris with Love
872,Bulletproof Monk
873,"Me, Myself & Irene"
874,Barnyard
875,The Twilight Saga: New Moon
876,Shrek
877,The Adjustment Bureau
878,Robin Hood: Prince of Thieves
879,Jerry Maguire
880,Ted
881,As Good as It Gets
882,Patch Adams
883,Anchorman 2: The Legend Continues
884,Mr. Deeds
885,Super 8
886,Erin Brockovich
887,How to Lose a Guy in 10 Days
888,22 Jump Street
889,Interview with the Vampire
890,Yes Man
891,Central Intelligence
892,Daddy's Home
893,Into the Woods
894,Inside Man
895,Payback
896,Congo
897,We Bought a Zoo
898,Knowing
899,Failure to Launch
900,The Ring Two
901,"Crazy, Stupid, Love."
902,Garfield
903,Christmas with the Kranks
904,Moneyball
905,Outbreak
906,Non-Stop
907,Race to Witch Mountain
908,V for Vendetta
909,Shanghai Knights
910,Curious George
911,Herbie Fully Loaded
912,Don't Say a Word
913,Hansel & Gretel: Witch Hunters
914,Unfaithful
915,I Am Number Four
916,Syriana
917,13 Hours: The Secret Soldiers of Benghazi
918,The Book of Life
919,Firewall
920,Absolute Power
921,G.I. Jane
922,The Game
923,Silent Hill
924,American Reunion
925,The Negotiator
926,Into the Storm
927,Beverly Hills Cop III
928,Gremlins 2: The New Batch
929,The Judge
930,The Peacemaker
931,Resident Evil: Apocalypse
932,Bridget Jones: The Edge of Reason
933,Out of Time
934,On Deadly Ground
935,The Adventures of Sharkboy and Lavagirl
936,The Beach
937,Raising Helen
938,Ninja Assassin
939,For Love of the Game
940,Striptease
941,Marmaduke
942,Hereafter
943,Murder by Numbers
944,Assassins
945,Hannibal Rising
946,The Story of Us
947,The Host
948,Basic
949,Blood Work
950,The International
951,Escape from L.A.
952,The Iron Giant
953,The Life Aquatic with Steve Zissou
954,Free State of Jones
955,The Life of David Gale
956,Man of the House
957,Run All Night
958,Eastern Promises
959,Into the Blue
960,Joan of Arc
961,Your Highness
962,Dream House
963,Mad City
964,Baby's Day Out
965,The Scarlet Letter
966,Fair Game
967,Domino
968,Jade
969,Gamer
970,Beautiful Creatures
971,Death to Smoochy
972,Zoolander 2
973,The Big Bounce
974,What Planet Are You From?
975,Drive Angry
976,Street Fighter: The Legend of Chun-Li
977,The One
978,The Adventures of Ford Fairlane
979,The Boat That Rocked
980,Traffic
981,Indiana Jones and the Last Crusade
982,Chappie
983,The Bone Collector
984,Panic Room
985,Three Kings
986,Child 44
987,Rat Race
988,K-PAX
989,Bedazzled
990,The Cotton Club
991,3:10 to Yuma
992,Taken 3
993,Out of Sight
994,The Cable Guy
995,Dick Tracy
996,The Thomas Crown Affair
997,Riding in Cars with Boys
998,First Blood
999,Happily N'Ever After
1000,Mary Reilly
1001,My Best Friend's Wedding
1002,Insomnia
1003,Star Trek: First Contact
1004,Jonah Hex
1005,Courage Under Fire
1006,Liar Liar
1007,The Infiltrator
1008,Inchon
1009,The Flintstones
1010,Taken 2
1011,Scary Movie 3
1012,Miss Congeniality
1013,Journey to the Center of the Earth
1014,The Princess Diaries 2: Royal Engagement
1015,The Pelican Brief
1016,The Client
1017,The Bucket List
1018,Patriot Games
1019,Monster-in-Law
1020,Prisoners
1021,Training Day
1022,Galaxy Quest
1023,Scary Movie 2
1024,The Muppets
1025,Blade
1026,Coach Carter
1027,Changing Lanes
1028,Anaconda
1029,Coyote Ugly
1030,Love Actually
1031,A Bug's Life
1032,From Hell
1033,The Specialist
1034,Tin Cup
1035,Kicking & Screaming
1036,The Hitchhiker's Guide to the Galaxy
1037,Resident Evil: Extinction
1038,Blended
1039,Last Holiday
1040,The River Wild
1041,The Indian in the Cupboard
1042,Savages
1043,Cellular
1044,Johnny English
1045,The Ant Bully
1046,Dune
1047,Revolutionary Road
1048,16 Blocks
1049,Babylon A.D.
1050,The Glimmer Man
1051,Multiplicity
1052,Aliens in the Attic
1053,The Pledge
1054,The Producers
1055,The Phantom
1056,All the Pretty Horses
1057,Nixon
1058,The Ghost Writer
1059,Deep Rising
1060,Miracle at St. Anna
1061,滿城盡帶黃金甲
1062,Bangkok Dangerous
1063,Big Trouble
1064,Love in the Time of Cholera
1065,Shadow Conspiracy
1066,Johnny English Reborn
1067,Foodfight!
1068,Argo
1069,The Fugitive
1070,The Bounty Hunter
1071,Sleepers
1072,Rambo: First Blood Part II
1073,The Juror
1074,Pinocchio
1075,Heaven's Gate
1076,Underworld: Evolution
1077,Victor Frankenstein
1078,Finding Forrester
1079,28 Days
1080,Unleashed
1081,The Sweetest Thing
1082,The Firm
1083,Charlie St. Cloud
1084,The Mechanic
1085,21 Jump Street
1086,Notting Hill
1087,Chicken Run
1088,Along Came Polly
1089,Boomerang
1090,The Heat
1091,Cleopatra
1092,High Crimes
1093,The Mirror Has Two Faces
1094,The Mothman Prophecies
1095,Brüno
1096,Licence to Kill
1097,Red Riding Hood
1098,15 Minutes
1099,Super Mario Bros.
1100,Lord of War
1101,英雄
1102,One for the Money
1103,The Interview
1104,The Warrior's Way
1105,Micmacs à tire-larigot
1106,8 Mile
1107,A Knight's Tale
1108,The Medallion
1109,The Sixth Sense
1110,Man on a Ledge
1111,The Big Year
1112,The Karate Kid
1113,American Hustle
1114,The Proposal
1115,Double Jeopardy
1116,Back to the Future Part II
1117,Lucy
1118,Fifty Shades of Grey
1119,Spy Kids 3-D: Game Over
1120,A Time to Kill
1121,Cheaper by the Dozen
1122,Lone Survivor
1123,A League of Their Own
1124,The Conjuring 2
1125,The Social Network
1126,He's Just Not That Into You
1127,Scary Movie 4
1128,Scream 3
1129,Back to the Future Part III
1130,Get Hard
1131,Dracula
1132,Julie & Julia
1133,42
1134,The Talented Mr. Ripley
1135,Dumb and Dumber To
1136,Eight Below
1137,The Intern
1138,Ride Along 2
1139,The Last of the Mohicans
1140,Ray
1141,Sin City
1142,Vantage Point
1143,"I Love You, Man"
1144,Shallow Hal
1145,JFK
1146,Big Momma's House 2
1147,The Mexican
1148,17 Again
1149,The Other Woman
1150,The Final Destination
1151,Bridge of Spies
1152,Behind Enemy Lines
1153,Get Him to the Greek
1154,Shall We Dance?
1155,Small Soldiers
1156,Spawn
1157,The Count of Monte Cristo
1158,The Lincoln Lawyer
1159,Unknown
1160,The Prestige
1161,Horrible Bosses 2
1162,Escape from Planet Earth
1163,Apocalypto
1164,The Living Daylights
1165,Predators
1166,Secret Window
1167,The Lake House
1168,The Skeleton Key
1169,Made of Honor
1170,Jersey Boys
1171,The Rainmaker
1172,Gothika
1173,Amistad
1174,Medicine Man
1175,Aliens vs Predator: Requiem
1176,Ri¢hie Ri¢h
1177,Autumn in New York
1178,Music and Lyrics
1179,Paul
1180,The Guilt Trip
1181,Scream 4
1182,8MM
1183,The Doors
1184,Sex Tape
1185,Hanging Up
1186,Final Destination 5
1187,Pay It Forward
1188,Fever Pitch
1189,Drillbit Taylor
1190,The Shadow
1191,Extremely Loud & Incredibly Close
1192,Morning Glory
1193,Get Rich or Die Tryin'
1194,The Art of War
1195,Rent
1196,Bless the Child
1197,The Out-of-Towners
1198,The Island of Dr. Moreau
1199,The Musketeer
1200,The Other Boleyn Girl
1201,Sweet November
1202,The Reaping
1203,Mean Streets
1204,Renaissance Man
1205,Colombiana
1206,Quest for Camelot
1207,City By The Sea
1208,Torque
1209,Showgirls
1210,Marie Antoinette
1211,Kiss of Death
1212,Get Carter
1213,Lo imposible
1214,Ishtar
1215,Fantastic Mr. Fox
1216,Life or Something Like It
1217,Memoirs of an Invisible Man
1218,Le fabuleux destin d'Amélie Poulain
1219,Alfie
1220,Big Miracle
1221,The Deep End of the Ocean
1222,FearDotCom
1223,Cirque du Freak: The Vampire's Assistant
1224,Duplex
1225,Universal Soldier: The Return
1226,Pandorum
1227,Impostor
1228,Extreme Ops
1229,Sunshine
1230,A Thousand Words
1231,Delgo
1232,The Gunman
1233,Stormbreaker
1234,Disturbia
1235,Hackers
1236,The Hudsucker Proxy
1237,投名狀
1238,Nomad
1239,Snowpiercer
1240,Un monstre à Paris
1241,The Crow
1242,Baahubali: The Beginning
1243,The Time Traveler's Wife
1244,Frankenweenie
1245,Serenity
1246,Against the Ropes
1247,Superman III
1248,Grudge Match
1249,Chi bi
1250,Sweet Home Alabama
1251,The Ugly Truth
1252,Spy Kids 2: The Island of Lost Dreams
1253,Star Trek: Generations
1254,一代宗師
1255,Water for Elephants
1256,Dragon Nest: Warriors' Dawn
1257,The Hurricane
1258,Enough
1259,Heartbreakers
1260,Paul Blart: Mall Cop 2
1261,Angel Eyes
1262,Joe Somebody
1263,The Ninth Gate
1264,Extreme Measures
1265,Rock Star
1266,Precious
1267,White Squall
1268,The Thing
1269,Riddick
1270,Switchback
1271,City of Ember
1272,The Master
1273,Virgin Territory
1274,The Express
1275,The 5th Wave
1276,Creed
1277,The Town
1278,What to Expect When You're Expecting
1279,Burn After Reading
1280,Nim's Island
1281,Rush
1282,Magnolia
1283,Cop Out
1284,How to Be Single
1285,Dolphin Tale
1286,Twilight
1287,John Q
1288,Blue Streak
1289,We're the Millers
1290,Obitaemyy Ostrov
1291,Breakdown
1292,Never Say Never Again
1293,Hot Tub Time Machine
1294,Dolphin Tale 2
1295,Reindeer Games
1296,A Man Apart
1297,Aloha
1298,The Rite
1299,Gattaca
1300,Isn't She Great
1301,Space Chimps
1302,The Hangover
1303,葉問3
1304,Austin Powers: The Spy Who Shagged Me
1305,Batman
1306,Lethal Weapon 3
1307,The Blind Side
1308,Spy Kids
1309,Horrible Bosses
1310,True Grit
1311,The Devil Wears Prada
1312,Star Trek: The Motion Picture
1313,Identity Thief
1314,Cape Fear
1315,21
1316,Trainwreck
1317,Guess Who
1318,The English Patient
1319,L.A. Confidential
1320,Sky High
1321,In & Out
1322,Species
1323,A Nightmare on Elm Street
1324,The Cell
1325,Secretariat
1326,TMNT
1327,Radio
1328,Friends with Benefits
1329,Neighbors 2: Sorority Rising
1330,Saving Mr. Banks
1331,Malcolm X
1332,This Is 40
1333,Old Dogs
1334,Underworld: Rise of the Lycans
1335,License to Wed
1336,Must Love Dogs
1337,Donnie Brasco
1338,Resident Evil
1339,Poltergeist
1340,Max Payne
1341,In Time
1342,The Back-Up Plan
1343,Something Borrowed
1344,The Bad News Bears
1345,Street Fighter
1346,The Pianist
1347,The Nativity Story
1348,House of Wax
1349,Closer
1350,J. Edgar
1351,Mirrors
1352,Queen of the Damned
1353,Predator 2
1354,Untraceable
1355,Blast from the Past
1356,Flash Gordon
1357,Jersey Girl
1358,Alex Cross
1359,Midnight in the Garden of Good and Evil
1360,Heist
1361,Nanny McPhee and the Big Bang
1362,Hoffa
1363,The X Files: I Want to Believe
1364,Ella Enchanted
1365,Concussion
1366,Abduction
1367,Valiant
1368,Wonder Boys
1369,Superhero Movie
1370,Broken City
1371,Cursed
1372,Premium Rush
1373,Hot Pursuit
1374,The Four Feathers
1375,Parker
1376,Wimbledon
1377,Furry Vengeance
1378,Bait
1379,Krull
1380,Lions for Lambs
1381,Flight of the Intruder
1382,Walk Hard: The Dewey Cox Story
1383,American Outlaws
1384,The Young Victoria
1385,Whiteout
1386,The Tree of Life
1387,Knock Off
1388,Sabotage
1389,The Order
1390,Punisher: War Zone
1391,Zoom
1392,The Walk
1393,A Good Year
1394,Radio Flyer
1395,Bound by Honor
1396,Smilla's Sense of Snow
1397,Femme Fatale
1398,Lion of the Desert
1399,Le Hussard sur le toit
1400,Ride with the Devil
1401,Bandidas
1402,The Maze Runner
1403,Unfinished Business
1404,The Age of Innocence
1405,The Fountain
1406,Chill Factor
1407,Stolen
1408,崖の上のポニョ
1409,The Longest Ride
1410,The Astronaut's Wife
1411,I Dreamed of Africa
1412,Playing for Keeps
1413,Mandela: Long Walk to Freedom
1414,Reds
1415,A Few Good Men
1416,Exit Wounds
1417,Big Momma's House
1418,The House of Magic
1419,The Darkest Hour
1420,Step Up Revolution
1421,Snakes on a Plane
1422,The Watcher
1423,The Punisher
1424,Goal!: The Dream Begins
1425,Safe
1426,Pushing Tin
1427,Return of the Jedi
1428,Doomsday
1429,The Reader
1430,Wanderlust
1431,Elf
1432,Phenomenon
1433,Snow Dogs
1434,Nacho Libre
1435,Bridesmaids
1436,This Is the End
1437,Stigmata
1438,Men of Honor
1439,Takers
1440,The Big Wedding
1441,"Big Mommas: Like Father, Like Son"
1442,Source Code
1443,Alive
1444,The Number 23
1445,The Young and Prodigious T.S. Spivet
1446,1941
1447,A History of Violence
1448,Transporter 2
1449,The Quick and the Dead
1450,Laws of Attraction
1451,Bringing Out the Dead
1452,Repo Men
1453,디워
1454,Bogus
1455,The Incredible Burt Wonderstone
1456,Cats Don't Dance
1457,The Good German
1458,George and the Dragon
1459,Apocalypse Now
1460,Going the Distance
1461,Criminal
1462,Out of Africa
1463,Flight
1464,Moonraker
1465,The Grand Budapest Hotel
1466,Hearts in Atlantis
1467,Arachnophobia
1468,Frequency
1469,Vacation
1470,Get Shorty
1471,Chicago
1472,Big Daddy
1473,American Pie 2
1474,Toy Story
1475,Speed
1476,The Vow
1477,Extraordinary Measures
1478,Remember the Titans
1479,The Hunt for Red October
1480,The Butler
1481,DodgeBall: A True Underdog Story
1482,The Addams Family
1483,Ace Ventura: When Nature Calls
1484,The Princess Diaries
1485,The First Wives Club
1486,Se7en
1487,District 9
1488,The SpongeBob SquarePants Movie
1489,Mystic River
1490,Million Dollar Baby
1491,Analyze This
1492,The Notebook
1493,27 Dresses
1494,Hannah Montana: The Movie
1495,Rugrats in Paris: The Movie
1496,The Prince of Tides
1497,Legends of the Fall
1498,Up in the Air
1499,About Schmidt
1500,Warm Bodies
1501,Looper
1502,Babe
1503,Hope Springs
1504,Forgetting Sarah Marshall
1505,Four Brothers
1506,Baby Mama
1507,Bride Wars
1508,Without a Paddle
1509,13 Going on 30
1510,Midnight in Paris
1511,Blow
1512,Message in a Bottle
1513,Star Trek V: The Final Frontier
1514,Like Mike
1515,The Naked Gun 33⅓: The Final Insult
1516,A View to a Kill
1517,The Curse of the Were-Rabbit
1518,P.S. I Love You
1519,Racing Stripes
1520,Atonement
1521,Letters to Juliet
1522,Black Rain
1523,The Three Stooges
1524,Corpse Bride
1525,Sicario
1526,Southpaw
1527,Drag Me to Hell
1528,The Age of Adaline
1529,Step Up 3D
1530,Blue Crush
1531,Stranger Than Fiction
1532,30 Days of Night
1533,The Cabin in the Woods
1534,Meet the Spartans
1535,Midnight Run
1536,The Running Man
1537,Little Shop of Horrors
1538,Hanna
1539,Mortal Kombat: Annihilation
1540,Larry Crowne
1541,Carrie
1542,Take the Lead
1543,Gridiron Gang
1544,What's the Worst That Could Happen?
1545,9
1546,Side Effects
1547,Winnie the Pooh
1548,Dumb and Dumberer: When Harry Met Lloyd
1549,Bulworth
1550,Virtuosity
1551,Deliver Us from Evil
1552,Sanctum
1553,Little Black Book
1554,The Five-Year Engagement
1555,Mr. 3000
1556,The Next Three Days
1557,Ultraviolet
1558,Assault on Precinct 13
1559,The Replacement Killers
1560,Fled
1561,Love & Other Drugs
1562,88 Minutes
1563,North Country
1564,The Whole Ten Yards
1565,Splice
1566,Howard the Duck
1567,Pride and Glory
1568,The Cave
1569,Alex & Emma
1570,Wicker Park
1571,Fright Night
1572,The New World
1573,Wing Commander
1574,Dragonball Evolution
1575,The Last Stand
1576,Godsend
1577,Chasing Liberty
1578,Hoodwinked Too! Hood VS. Evil
1579,An Unfinished Life
1580,The Imaginarium of Doctor Parnassus
1581,Barney's Version
1582,Runner Runner
1583,Antitrust
1584,Glory
1585,Once Upon a Time in America
1586,Miss Potter
1587,DOA: Dead or Alive
1588,The Assassination of Jesse James by the Coward Robert Ford
1589,辛亥革命
1590,Wild Card
1591,Machine Gun Preacher
1592,Goodbye Bafana
1593,United Passions
1594,Grace of Monaco
1595,Савва. Сердце воина
1596,Ripley's Game
1597,Sausage Party
1598,Pitch Perfect 2
1599,Walk the Line
1600,Keeping the Faith
1601,The Borrowers
1602,Confessions of a Dangerous Mind
1603,Serving Sara
1604,The Boss
1605,Seed of Chucky
1606,The Jacket
1607,Aladdin
1608,Straight Outta Compton
1609,Indiana Jones and the Temple of Doom
1610,The Rugrats Movie
1611,Along Came a Spider
1612,Florence Foster Jenkins
1613,Once Upon a Time in Mexico
1614,Die Hard
1615,Role Models
1616,The Big Short
1617,Miracle
1618,Dawn of the Dead
1619,The Wedding Planner
1620,キャプテンハーロック
1621,The Royal Tenenbaums
1622,Identity
1623,Last Vegas
1624,For Your Eyes Only
1625,Serendipity
1626,Timecop
1627,Zoolander
1628,Safe Haven
1629,Hocus Pocus
1630,No Reservations
1631,Kick-Ass
1632,30 Minutes or Less
1633,Dracula 2000
1634,"Alexander and the Terrible, Horrible, No Good, Very Bad Day"
1635,Pride & Prejudice
1636,Blade Runner
1637,Rob Roy
1638,3 Days to Kill
1639,We Own the Night
1640,Le peuple migrateur
1641,Just My Luck
1642,"Mystery, Alaska"
1643,The Spy Next Door
1644,A Simple Wish
1645,Ghosts of Mars
1646,Our Brand Is Crisis
1647,Pride and Prejudice and Zombies
1648,Kundun
1649,How to Lose Friends & Alienate People
1650,Kick-Ass 2
1651,Alatriste
1652,Brick Mansions
1653,Octopussy
1654,Knocked Up
1655,My Sister's Keeper
1656,Welcome Home Roscoe Jenkins
1657,A Passage to India
1658,Notes on a Scandal
1659,Rendition
1660,Star Trek VI: The Undiscovered Country
1661,Divine Secrets of the Ya-Ya Sisterhood
1662,Kiss the Girls
1663,The Blues Brothers
1664,The Sisterhood of the Traveling Pants 2
1665,About a Boy
1666,Lake Placid
1667,Lucky Number Slevin
1668,The Right Stuff
1669,Anonymous
1670,The Neverending Story
1671,Dark City
1672,Return to Oz
1673,The Newton Boys
1674,Case 39
1675,Suspect Zero
1676,Spy Kids: All the Time in the World
1677,Money Monster
1678,The 51st State
1679,Mindhunters
1680,What Just Happened
1681,Paul Blart: Mall Cop
1682,Freaky Friday
1683,The 40 Year Old Virgin
1684,Shakespeare in Love
1685,A Walk Among the Tombstones
1686,Kindergarten Cop
1687,Pineapple Express
1688,EverAfter
1689,Open Range
1690,Flatliners
1691,A Bridge Too Far
1692,Red Eye
1693,Final Destination 2
1694,"O Brother, Where Art Thou?"
1695,Legion
1696,Pain & Gain
1697,Clockstoppers
1698,Silverado
1699,Brothers
1700,Agent Cody Banks 2: Destination London
1701,New Year's Eve
1702,Original Sin
1703,The Raven
1704,Welcome to Mooseport
1705,Highlander III: The Sorcerer
1706,Blood and Wine
1707,Snow White: A Tale of Terror
1708,Accidental Love
1709,Flipper
1710,Self/less
1711,The Constant Gardener
1712,The Passion of the Christ
1713,Mrs. Doubtfire
1714,Rain Man
1715,Gran Torino
1716,W.
1717,Taken
1718,The Best of Me
1719,The Bodyguard
1720,Schindler's List
1721,The Help
1722,The Fifth Estate
1723,Viy
1724,Freddy vs. Jason
1725,Jimmy Neutron: Boy Genius
1726,Cloverfield
1727,Teenage Mutant Ninja Turtles II: The Secret of the Ooze
1728,The Untouchables
1729,No Country for Old Men
1730,Ride Along
1731,Bridget Jones's Diary
1732,Chocolat
1733,"Legally Blonde 2: Red, White & Blonde"
1734,Parental Guidance
1735,No Strings Attached
1736,Tombstone
1737,Romeo Must Die
1738,The Omen
1739,Final Destination 3
1740,The Lucky One
1741,Bridge to Terabithia
1742,Finding Neverland
1743,The Grey
1744,Hide and Seek
1745,Anchorman: The Legend of Ron Burgundy
1746,GoodFellas
1747,Agent Cody Banks
1748,Nanny McPhee
1749,Scarface
1750,Nothing to Lose
1751,The Last Emperor
1752,Contraband
1753,There Will Be Blood
1754,The Wild Thornberrys Movie
1755,Undercover Brother
1756,The Sisterhood of the Traveling Pants
1757,Kiss of the Dragon
1758,The House Bunny
1759,Beauty Shop
1760,Million Dollar Arm
1761,The Giver
1762,Jeepers Creepers 2
1763,Good Luck Chuck
1764,Cradle 2 the Grave
1765,The Hours
1766,She's the Man
1767,Mr. Bean's Holiday
1768,Anacondas: The Hunt for the Blood Orchid
1769,Blood Ties
1770,August Rush
1771,Elizabeth
1772,Bride of Chucky
1773,Tora! Tora! Tora!
1774,Spice World
1775,The Sitter
1776,The Shawshank Redemption
1777,Crocodile Dundee in Los Angeles
1778,Kingpin
1779,The Gambler
1780,August: Osage County
1781,Ice Princess
1782,A Lot Like Love
1783,Eddie the Eagle
1784,He Got Game
1785,Don Juan DeMarco
1786,Dear John
1787,The Losers
1788,Don't Be Afraid of the Dark
1789,War
1790,Punch-Drunk Love
1791,EuroTrip
1792,Half Past Dead
1793,Unaccompanied Minors
1794,The Greatest Game Ever Played
1795,The Box
1796,The Ruins
1797,The Next Best Thing
1798,My Soul to Take
1799,The Girl Next Door
1800,Maximum Risk
1801,Legend
1802,Shark Night
1803,Angela's Ashes
1804,Draft Day
1805,Lifeforce
1806,The Conspirator
1807,Lords of Dogtown
1808,The 33
1809,Big Trouble in Little China
1810,Warrior
1811,Michael Collins
1812,Stop-Loss
1813,Abandon
1814,Brokedown Palace
1815,The Possession
1816,Mrs. Winterbourne
1817,Straw Dogs
1818,The Hoax
1819,The Road
1820,Sheena
1821,Say It Isn't So
1822,The World's Fastest Indian
1823,Tank Girl
1824,Blindness
1825,BloodRayne
1826,Carnage
1827,Where the Truth Lies
1828,Without Limits
1829,Me and Orson Welles
1830,La migliore offerta
1831,The Bad Lieutenant: Port of Call - New Orleans
1832,Les petits mouchoirs
1833,Белка и Стрелка. Звёздные собаки
1834,The Counselor
1835,Ironclad
1836,Waterloo
1837,一個人的武林
1838,Red Sky
1839,Dangerous Liaisons
1840,On the Road
1841,Star Trek IV: The Voyage Home
1842,Rocky Balboa
1843,Scream 2
1844,Jane Got a Gun
1845,Think Like a Man Too
1846,The Whole Nine Yards
1847,Footloose
1848,Old School
1849,The Fisher King
1850,I Still Know What You Did Last Summer
1851,Return to Me
1852,Zack and Miri Make a Porno
1853,Nurse Betty
1854,The Men Who Stare at Goats
1855,"Girl, Interrupted"
1856,Win a Date with Tad Hamilton!
1857,Muppets from Space
1858,The Wiz
1859,Ready to Rumble
1860,Play It to the Bone
1861,I Don't Know How She Does It
1862,Piranha 3D
1863,Beyond the Sea
1864,Meet the Deedles
1865,The Thief and the Cobbler
1866,Faster
1867,ハウルの動く城
1868,Zombieland
1869,The Waterboy
1870,The Empire Strikes Back
1871,Bad Boys
1872,The Naked Gun 2½: The Smell of Fear
1873,Final Destination
1874,The Ides of March
1875,Pitch Black
1876,Someone Like You...
1877,Her
1878,Joy Ride
1879,The Adventurer: The Curse of the Midas Box
1880,Anywhere But Here
1881,Haywire
1882,Jaws: The Revenge
1883,The End of the Affair
1884,Harley Davidson and the Marlboro Man
1885,In the Valley of Elah
1886,Forsaken
1887,Chéri
1888,Vanity Fair
1889,十月圍城
1890,1408
1891,Spaceballs
1892,The Water Diviner
1893,Ghost
1894,There's Something About Mary
1895,The Santa Clause
1896,The Rookie
1897,The Game Plan
1898,The Bridges of Madison County
1899,The Animal
1900,Gandhi
1901,The Hundred-Foot Journey
1902,The Net
1903,I Am Sam
1904,Son of God
1905,Underworld
1906,Derailed
1907,The Informant!
1908,Shadowlands
1909,Deuce Bigalow: European Gigolo
1910,Delivery Man
1911,Saving Silverman
1912,Diary of a Wimpy Kid: Dog Days
1913,Jay and Silent Bob Strike Back
1914,The Glass House
1915,"Hail, Caesar!"
1916,Josie and the Pussycats
1917,Homefront
1918,The Little Vampire
1919,I Heart Huckabees
1920,RoboCop 3
1921,Dudley Do-Right
1922,The Transporter Refueled
1923,Zwartboek
1924,Joyeux Noël
1925,Hit & Run
1926,Before I Go to Sleep
1927,Sorcerer
1928,Stone
1929,Out of the Furnace
1930,Michael Clayton
1931,Arlington Road
1932,Metegol
1933,To Rome with Love
1934,Firefox
1935,"South Park: Bigger, Longer & Uncut"
1936,Death at a Funeral
1937,Teenage Mutant Ninja Turtles III
1938,Hardball
1939,Silver Linings Playbook
1940,Freedom Writers
1941,The Transporter
1942,Never Back Down
1943,The Rage: Carrie 2
1944,Away We Go
1945,Swing Vote
1946,Moonlight Mile
1947,Tinker Tailor Soldier Spy
1948,The Beaver
1949,The Best Little Whorehouse in Texas
1950,eXistenZ
1951,Raiders of the Lost Ark
1952,Home Alone 2: Lost in New York
1953,Close Encounters of the Third Kind
1954,Pulse
1955,Beverly Hills Cop II
1956,Bringing Down the House
1957,The Silence of the Lambs
1958,Wayne's World
1959,Jackass 3D
1960,Jaws 2
1961,Beverly Hills Chihuahua
1962,The Conjuring
1963,Are We There Yet?
1964,Tammy
1965,School of Rock
1966,Mortal Kombat
1967,White Chicks
1968,The Descendants
1969,Holes
1970,12 Years a Slave
1971,Drumline
1972,Why Did I Get Married Too?
1973,Edward Scissorhands
1974,Me Before You
1975,The French Connection
1976,Bad Moms
1977,Date Movie
1978,Return to Never Land
1979,Selma
1980,The Jungle Book 2
1981,Boogeyman
1982,Premonition
1983,The Tigger Movie
1984,Orphan
1985,Max
1986,Epic Movie
1987,Spotlight
1988,Lakeview Terrace
1989,The Grudge 2
1990,How Stella Got Her Groove Back
1991,Man of the Year
1992,The Black Hole
1993,The American
1994,Selena
1995,Vampires Suck
1996,Babel
1997,This Is Where I Leave You
1998,Doubt
1999,Team America: World Police
2000,Texas Chainsaw 3D
2001,Scary Movie 5
2002,Paint Your Wagon
2003,Milk
2004,Risen
2005,Ghost Ship
2006,A Very Harold & Kumar Christmas
2007,Wild Things
2008,The Debt
2009,High Fidelity
2010,One Missed Call
2011,Eye for an Eye
2012,The Bank Job
2013,Eternal Sunshine of the Spotless Mind
2014,You Again
2015,Street Kings
2016,The World's End
2017,Daybreakers
2018,She's Out of My League
2019,Monte Carlo
2020,Stay Alive
2021,Alpha and Omega
2022,The Covenant
2023,Shorts
2024,To Die For
2025,Nerve
2026,Appaloosa
2027,Vampires
2028,Psycho
2029,My Best Friend's Girl
2030,Endless Love
2031,Georgia Rule
2032,Under the Rainbow
2033,Ladyhawke
2034,Simon Birch
2035,Reign Over Me
2036,Into the Wild
2037,School for Scoundrels
2038,Silent Hill: Revelation 3D
2039,From Dusk Till Dawn
2040,功夫
2041,The Country Bears
2042,The Kite Runner
2043,21 Grams
2044,Paparazzi
2045,A Guy Thing
2046,Capitalism: A Love Story
2047,The Greatest Story Ever Told
2048,Secret in Their Eyes
2049,Disaster Movie
2050,Armored
2051,The Man Who Knew Too Little
2052,What's Your Number?
2053,Lockout
2054,Envy
2055,Crank: High Voltage
2056,One Night with the King
2057,The Quiet American
2058,The Weather Man
2059,Undisputed
2060,12 Rounds
2061,Let Me In
2062,Triple 9
2063,Deconstructing Harry
2064,Three to Tango
2065,Burnt
2066,We're No Angels
2067,Everyone Says I Love You
2068,Death Sentence
2069,Everybody's Fine
2070,Code Name: The Cleaner
2071,Connie and Carla
2072,Sweet Charity
2073,Inherent Vice
2074,Battle of the Year
2075,An American Carol
2076,Machete Kills
2077,Willard
2078,Little Boy
2079,A Dangerous Method
2080,A Scanner Darkly
2081,Alone in the Dark
2082,Bandslam
2083,Birth
2084,A Most Violent Year
2085,I'm Not There.
2086,The Cold Light of Day
2087,The Brothers Bloom
2088,"Synecdoche, New York"
2089,もののけ姫
2090,The Proposition
2091,My All American
2092,Marci X
2093,Equilibrium
2094,黃石的孩子
2095,By the Sea
2096,Steamboy
2097,Rapa Nui
2098,Dylan Dog: Dead of Night
2099,People I Know
2100,The Tempest
2101,Butterfly on a Wheel
2102,Zambezia
2103,Hands of Stone
2104,Survivor
2105,The Frozen Ground
2106,The Painted Veil
2107,Der Baader Meinhof Komplex
2108,Dances with Wolves
2109,Bad Teacher
2110,Sea of Love
2111,A Cinderella Story
2112,Scream
2113,The Shining
2114,Back to the Future
2115,House on Haunted Hill
2116,Fight Valley
2117,The Switch
2118,Just Married
2119,The Devil's Double
2120,The Crazies
2121,千と千尋の神隠し
2122,The Bounty
2123,Sex Drive
2124,Leap Year
2125,The Fall of the Roman Empire
2126,Take Me Home Tonight
2127,The Nutcracker
2128,Kansas City
2129,The Amityville Horror
2130,Adaptation.
2131,Land of the Dead
2132,Fear and Loathing in Las Vegas
2133,The Invention of Lying
2134,Neighbors
2135,The Mask
2136,Big
2137,Borat: Cultural Learnings of America for Make Benefit Glorious Nation of Kazakhstan
2138,Legally Blonde
2139,Star Trek III: The Search for Spock
2140,The Exorcism of Emily Rose
2141,Deuce Bigalow: Male Gigolo
2142,Left Behind
2143,Barbershop 2:  Back in Business
2144,Bad Santa
2145,Austin Powers: International Man of Mystery
2146,My Big Fat Greek Wedding 2
2147,Diary of a Wimpy Kid: Rodrick Rules
2148,Predator
2149,Amadeus
2150,Mean Girls
2151,Gosford Park
2152,Peggy Sue Got Married
2153,Birdman
2154,Blue Jasmine
2155,United 93
2156,Honey
2157,Spy Hard
2158,The Fog
2159,Soul Surfer
2160,Catch-22
2161,Conan the Destroyer
2162,Raging Bull
2163,Love Happens
2164,Young Sherlock Holmes
2165,127 Hours
2166,Center Stage
2167,Love the Coopers
2168,Catch That Kid
2169,Life as a House
2170,Steve Jobs
2171,"I Love You, Beth Cooper"
2172,Youth in Revolt
2173,The Legend of the Lone Ranger
2174,The Tailor of Panama
2175,Blow Out
2176,Getaway
2177,The Ice Storm
2178,And So It Goes
2179,Nine 1/2 Weeks
2180,Dragonslayer
2181,Ed Wood
2182,Labor Day
2183,Монгол
2184,RockNRolla
2185,Mao's Last Dancer
2186,Midnight Special
2187,The Railway Man
2188,Das weisse Band
2189,The Wraith
2190,Salton Sea
2191,Metallica: Through the Never
2192,The Informers
2193,Carlos
2194,I Come with the Rain
2195,Day of the Dead
2196,I Am Wrath
2197,Renaissance
2198,Red Sonja
2199,Red Lights
2200,Superbad
2201,Wolves
2202,Step Up 2: The Streets
2203,Hoodwinked!
2204,Hotel Rwanda
2205,Hitman
2206,Black Nativity
2207,The Prince
2208,Aliens
2209,My Fair Lady
2210,I Know What You Did Last Summer
2211,Let's Be Cops
2212,Sideways
2213,Beerfest
2214,Halloween
2215,Good Boy!
2216,The Best Man Holiday
2217,Smokin' Aces
2218,Saw 3D
2219,40 Days and 40 Nights
2220,A Night at the Roxbury
2221,Beastly
2222,The Hills Have Eyes
2223,ATL
2224,Pitch Perfect
2225,Summer Catch
2226,They
2227,Brooklyn's Finest
2228,55 Days at Peking
2229,Evil Dead
2230,My Life in Ruins
2231,American Dreamz
2232,Superman IV: The Quest for Peace
2233,Running Scared
2234,Shanghai Surprise
2235,The Illusionist
2236,Roar
2237,Veronica Guerin
2238,Escobar: Paradise Lost
2239,Southland Tales
2240,Chasseurs de dragons
2241,Damnation Alley
2242,The Apparition
2243,My Girl
2244,Fur: An Imaginary Portrait of Diane Arbus
2245,Wall Street
2246,Sense and Sensibility
2247,Becoming Jane
2248,Sydney White
2249,House of Sand and Fog
2250,Dead Poets Society
2251,Dumb and Dumber
2252,When Harry Met Sally...
2253,The Verdict
2254,Road Trip
2255,The Artist
2256,The Unborn
2257,Moonrise Kingdom
2258,The Texas Chainsaw Massacre: The Beginning
2259,The Young Messiah
2260,El laberinto del fauno
2261,Baby Boy
2262,The Roommate
2263,Joe Dirt
2264,Double Impact
2265,Hot Fuzz
2266,The Women
2267,Vicky Cristina Barcelona
2268,Arn: Tempelriddaren
2269,Boys and Girls
2270,Jennifer's Body
2271,Drowning Mona
2272,Radio Days
2273,Remember Me
2274,My Stepmother is an Alien
2275,Philadelphia
2276,The Thirteenth Floor
2277,The Cookout
2278,Hollywood Ending
2279,Detroit Rock City
2280,Highlander
2281,Things We Lost in the Fire
2282,Steel
2283,The Immigrant
2284,Trance
2285,Soul Plane
2286,Bienvenue chez les ch'tis
2287,Enter the Void
2288,Vamps
2289,Hachi: A Dog's Tale
2290,Zulu
2291,The Homesman
2292,Juwanna Mann
2293,Slow Burn
2294,Wasabi
2295,Slither
2296,Beverly Hills Cop
2297,Home Alone
2298,Tootsie
2299,Top Gun
2300,卧虎藏龙
2301,American Beauty
2302,The King's Speech
2303,Twins
2304,The Yellow Handkerchief
2305,The Color Purple
2306,해운대
2307,The Imitation Game
2308,Coal Miner's Daughter
2309,Diary of a Wimpy Kid
2310,Mama
2311,National Lampoon's Vacation
2312,Jackass Presents: Bad Grandpa
2313,The Queen
2314,Beetlejuice
2315,Why Did I Get Married?
2316,Little Women
2317,The Woman in Black
2318,When a Stranger Calls
2319,Big Fat Liar
2320,The Deer Hunter
2321,Wag the Dog
2322,The Lizzie McGuire Movie
2323,Snitch
2324,Krampus
2325,The Faculty
2326,Cop Land
2327,Not Another Teen Movie
2328,End of Watch
2329,The Skulls
2330,The Theory of Everything
2331,Where the Heart Is
2332,Lawrence of Arabia
2333,Halloween II
2334,Wild
2335,The Last House on the Left
2336,The Wedding Date
2337,Halloween: Resurrection
2338,The Princess Bride
2339,The Great Debaters
2340,Drive
2341,Confessions of a Teenage Drama Queen
2342,The Object of My Affection
2343,28 Weeks Later
2344,When the Game Stands Tall
2345,Because of Winn-Dixie
2346,Love & Basketball
2347,All About Steve
2348,The Craft
2349,Match Point
2350,The Remains of the Day
2351,Boogie Nights
2352,Flicka
2353,The Hills Have Eyes II
2354,Urban Legends: Final Cut
2355,The Marine
2356,Keanu
2357,Country Strong
2358,Disturbing Behavior
2359,The Place Beyond the Pines
2360,The November Man
2361,Eye of the Beholder
2362,The Hurt Locker
2363,Firestarter
2364,Killing Them Softly
2365,A Most Wanted Man
2366,U2 3D
2367,Highlander: Endgame
2368,One Day
2369,Whip It
2370,Knockaround Guys
2371,De-Lovely
2372,New York Stories
2373,The Man with the Iron Fists
2374,Home Fries
2375,Brazil
2376,Raise Your Voice
2377,The Big Lebowski
2378,Black Snake Moan
2379,Dark Blue
2380,A Mighty Heart
2381,Whatever It Takes
2382,Boat Trip
2383,In Bruges
2384,Peeples
2385,The Rocker
2386,Post Grad
2387,Promised Land
2388,Whatever Works
2389,The In Crowd
2390,The Three Burials of Melquiades Estrada
2391,Kiss Kiss Bang Bang
2392,Idle Hands
2393,Mulholland Drive
2394,You Will Meet a Tall Dark Stranger
2395,Never Let Me Go
2396,Transsiberian
2397,The Clan of the Cave Bear
2398,Funny Games
2399,Metropolis
2400,Banlieue 13
2401,Things to Do in Denver When You're Dead
2402,刺客聶隱娘
2403,Buffalo Soldiers
2404,Ong Bak 2
2405,Centurion
2406,Silent Trigger
2407,The Midnight Meat Train
2408,Winnie Mandela
2409,The Son of No One
2410,All The Queen's Men
2411,The Good Night
2412,Khumba
2413,Autómata
2414,Chiamatemi Francesco - Il Papa della gente
2415,新宿事件
2416,Groundhog Day
2417,Magic Mike XXL
2418,Romeo + Juliet
2419,Elle s'appelait Sarah
2420,Freedom
2421,Unforgiven
2422,Manderlay
2423,Slumdog Millionaire
2424,Fatal Attraction
2425,Pretty Woman
2426,Born on the Fourth of July
2427,Cool Runnings
2428,My Bloody Valentine
2429,Stomp the Yard
2430,The Spy Who Loved Me
2431,Urban Legend
2432,White Fang
2433,The Iron Lady
2434,Poetic Justice
2435,All About the Benjamins
2436,Vampire in Brooklyn
2437,Exorcist II: The Heretic
2438,My Boss's Daughter
2439,A Perfect Getaway
2440,Our Family Wedding
2441,Tea with Mussolini
2442,I Think I Love My Wife
2443,Jason X
2444,Head Over Heels
2445,Fun Size
2446,Le scaphandre et le papillon
2447,Little Children
2448,Gossip
2449,A Walk on the Moon
2450,Jefferson in Paris
2451,剑雨
2452,Margaret
2453,Stan Helsing
2454,Flipped
2455,Brokeback Mountain
2456,Clueless
2457,Far from Heaven
2458,Hot Tub Time Machine 2
2459,Quills
2460,Seven Psychopaths
2461,Der Untergang
2462,Mar adentro
2463,Under the Skin
2464,"Good Morning, Vietnam"
2465,The Last Godfather
2466,Justin Bieber: Never Say Never
2467,Black Swan
2468,The Godfather: Part II
2469,Save the Last Dance
2470,A Nightmare on Elm Street 4: The Dream Master
2471,Miracles from Heaven
2472,"Dude, Where’s My Car?"
2473,Young Guns
2474,St. Vincent
2475,About Last Night
2476,10 Things I Hate About You
2477,The New Guy
2478,The Shallows
2479,The Butterfly Effect
2480,This Christmas
2481,Baby Geniuses
2482,The Big Hit
2483,Harriet the Spy
2484,Child's Play 2
2485,No Good Deed
2486,The Mist
2487,Ex Machina
2488,Being John Malkovich
2489,Two Can Play That Game
2490,Earth to Echo
2491,Crazy/Beautiful
2492,Letters from Iwo Jima
2493,The Astronaut Farmer
2494,Woo
2495,Room
2496,Serial Mom
2497,Dick
2498,54
2499,Birthday Girl
2500,21 & Over
2501,"Paris, je t'aime"
2502,Admission
2503,Chloe
2504,Faithful
2505,Find Me Guilty
2506,The Perks of Being a Wallflower
2507,Excessive Force
2508,Infamous
2509,The Vatican Tapes
2510,Attack the Block
2511,In the Land of Blood and Honey
2512,The Call
2513,I Love You Phillip Morris
2514,La Guerre du feu
2515,Antwone Fisher
2516,True Romance
2517,Womb
2518,Glengarry Glen Ross
2519,The Killer Inside Me
2520,Sorority Row
2521,Lars and the Real Girl
2522,The Boy in the Striped Pyjamas
2523,Dancer in the Dark
2524,The Funeral
2525,Solitary Man
2526,Machete
2527,Casino Jack
2528,The Land Before Time
2529,The Perfect Game
2530,The Exorcist
2531,Jaws
2532,American Pie
2533,Ernest et Célestine
2534,The Golden Child
2535,Think Like a Man
2536,Barbershop
2537,Star Trek II: The Wrath of Khan
2538,Ace Ventura: Pet Detective
2539,WarGames
2540,Witness
2541,Act of Valor
2542,Step Up
2543,Beavis and Butt-Head Do America
2544,Jackie Brown
2545,Harold & Kumar Escape from Guantanamo Bay
2546,Chronicle
2547,Yentl
2548,Time Bandits
2549,Crossroads
2550,Project X
2551,Patton
2552,One Hour Photo
2553,Quarantine
2554,The Eye
2555,Johnson Family Vacation
2556,How High
2557,Frida
2558,Katy Perry: Part of Me
2559,The Fault in Our Stars
2560,Rounders
2561,Prophecy
2562,Stir of Echoes
2563,Philomena
2564,Aquamarine
2565,Paper Towns
2566,Nebraska
2567,Max Keeble's Big Move
2568,Young Adult
2569,Crank
2570,Living Out Loud
2571,The Postman Always Rings Twice
2572,Das Boot
2573,Sorority Boys
2574,Arbitrage
2575,Project Almanac
2576,Cadillac Records
2577,Fortress
2578,For Your Consideration
2579,Running with Scissors
2580,From Justin to Kelly
2581,Girl 6
2582,In the Cut
2583,Two Lovers
2584,괴물
2585,Ravenous
2586,Charlie Bartlett
2587,La grande bellezza
2588,Stoker
2589,2046
2590,Married Life
2591,Duma
2592,Ondine
2593,Brother
2594,Welcome to Collinwood
2595,The Life Before Her Eyes
2596,Trade
2597,Breakfast of Champions
2598,Cypher
2599,南京!南京!
2600,兔侠传奇
2601,Space Battleship Yamato
2602,5 Days of War
2603,Triangle
2604,10 Days in a Madhouse
2605,Heaven is for Real
2606,Snatch
2607,Pet Sematary
2608,The Cry of the Owl
2609,Gremlins
2610,Star Wars
2611,Dirty Grandpa
2612,Doctor Zhivago
2613,The Fighter
2614,Jackass Number Two
2615,My Cousin Vinny
2616,If I Stay
2617,Drive Hard
2618,Major League
2619,Phone Booth
2620,A Walk to Remember
2621,Dead Man Walking
2622,Cruel Intentions
2623,Saw VI
2624,History of the World: Part I
2625,The Secret Life of Bees
2626,Corky Romano
2627,Raising Cain
2628,F.I.S.T.
2629,Invaders from Mars
2630,Brooklyn
2631,Barry Lyndon
2632,Out Cold
2633,The Ladies Man
2634,Quartet
2635,Tomcats
2636,Frailty
2637,Woman in Gold
2638,Army of Darkness
2639,Slackers
2640,What's Eating Gilbert Grape
2641,The Visual Bible: The Gospel of John
2642,Vera Drake
2643,The Perez Family
2644,Inside Llewyn Davis
2645,Return to the Blue Lagoon
2646,The Molly Maguires
2647,Copying Beethoven
2648,Saw V
2649,LOL
2650,कभी अलविदा ना कहना
2651,An Ideal Husband
2652,2001: A Space Odyssey
2653,E.T. the Extra-Terrestrial
2654,In the Land of Women
2655,There Goes My Baby
2656,September Dawn
2657,For Greater Glory - The True Story of Cristiada
2658,La Famille Bélier
2659,Good Will Hunting
2660,Misconduct
2661,Saw III
2662,Stripes
2663,Bring It On
2664,The Purge: Election Year
2665,She's All That
2666,Saw IV
2667,White Noise
2668,Madea's Family Reunion
2669,The Color of Money
2670,The Longest Day
2671,The Mighty Ducks
2672,The Grudge
2673,Happy Gilmore
2674,Jeepers Creepers
2675,Bill & Ted's Excellent Adventure
2676,Oliver!
2677,The Best Exotic Marigold Hotel
2678,Recess: School's Out
2679,Mad Max Beyond Thunderdome
2680,Commando
2681,The Boy
2682,Devil
2683,Friday After Next
2684,Insidious: Chapter 3
2685,The Last Dragon
2686,The Lawnmower Man
2687,Nick and Norah's Infinite Playlist
2688,Dogma
2689,The Banger Sisters
2690,Twilight Zone: The Movie
2691,Road House
2692,A Low Down Dirty Shame
2693,Swimfan
2694,Employee of the Month
2695,Can't Hardly Wait
2696,The Outsiders
2697,Pete's Dragon
2698,The Dead Zone
2699,Sinister 2
2700,Sparkle
2701,The Fourth Kind
2702,A Prairie Home Companion
2703,Rushmore
2704,Skyline
2705,The Second Best Exotic Marigold Hotel
2706,Mo' Better Blues
2707,Tremors
2708,Wrong Turn
2709,The Long Riders
2710,The Corruptor
2711,Mud
2712,Reno 911!: Miami
2713,One Direction: This Is Us
2714,"The Goods: Live Hard, Sell Hard"
2715,My Week with Marilyn
2716,The Matador
2717,Love Jones
2718,The Gift
2719,Get Over It
2720,Office Space
2721,Drop Dead Gorgeous
2722,Big Eyes
2723,Very Bad Things
2724,Body Double
2725,MacGruber
2726,Movie 43
2727,Over Her Dead Body
2728,Seeking a Friend for the End of the World
2729,American History X
2730,Teacher's Pet
2731,The Red Violin
2732,The Straight Story
2733,Bad Words
2734,Run Fatboy Run
2735,Heartbeeps
2736,Black or White
2737,Rescue Dawn
2738,Danny Collins
2739,"Jeff, Who Lives at Home"
2740,Romeo Is Bleeding
2741,The Limey
2742,Crash
2743,The House of Mirth
2744,Bucky Larson: Born to Be a Star
2745,The Forest
2746,Sphinx
2747,While We're Young
2748,A Better Life
2749,Gun Shy
2750,The Iceman
2751,Cecil B. Demented
2752,Killer Joe
2753,The Joneses
2754,My Blueberry Nights
2755,Swept Away
2756,"War, Inc."
2757,The Brown Bunny
2758,Coriolanus
2759,Imaginary Heroes
2760,World's Greatest Dad
2761,Edmond
2762,Cinco de Mayo: La Batalla
2763,Elsa & Fred
2764,"An Alan Smithee Film: Burn, Hollywood, Burn"
2765,The Good Guy
2766,Strangerland
2767,Janky Promoters
2768,Blonde Ambition
2769,The Oxford Murders
2770,Beat the World
2771,Adam Resurrected
2772,Hross í oss
2773,The Devil's Tomb
2774,"좋은 놈, 나쁜 놈, 이상한 놈"
2775,Nurse 3-D
2776,Gunless
2777,Adventureland
2778,The Lost City
2779,Next Friday
2780,American Heist
2781,You Only Live Twice
2782,Plastic
2783,Amour
2784,Poltergeist III
2785,Re-Kill
2786,"It's a Mad, Mad, Mad, Mad World"
2787,Volver
2788,Heavy Metal
2789,Gentlemen Broncos
2790,Into the Grizzly Maze
2791,Melancholia
2792,Alien
2793,The Texas Chain Saw Massacre
2794,The Runaways
2795,Fiddler on the Roof
2796,Thunderball
2797,Detention
2798,Mine vaganti
2799,Set It Off
2800,The Best Man
2801,Child's Play
2802,Sicko
2803,The Purge: Anarchy
2804,Down to You
2805,Harold & Kumar Go to White Castle
2806,The Contender
2807,Boiler Room
2808,Trading Places
2809,Black Christmas
2810,Henry V
2811,The Way of the Gun
2812,Igby Goes Down
2813,PCU
2814,The Ice Pirates
2815,Gracie
2816,Trust the Man
2817,Glee: The Concert Movie
2818,Due occhi diabolici
2819,Barbecue
2820,All or Nothing
2821,Princess Kaiulani
2822,Opal Dream
2823,Flammen & Citronen
2824,Undiscovered
2825,Veronika Decides to Die
2826,Crocodile Dundee
2827,The I Inside
2828,Beneath Hill 60
2829,Awake
2830,Skin Trade
2831,The Lost Boys
2832,Crazy Heart
2833,The Rose
2834,Baggage Claim
2835,Barbarella
2836,The Namesake
2837,The DUFF
2838,Glitter
2839,실미도
2840,Bright Star
2841,My Name Is Khan
2842,All Is Lost
2843,Limbo
2844,The Wind That Shakes the Barley
2845,Yeh Jawaani Hai Deewani
2846,Quo Vadis
2847,Kurtlar vadisi - Irak
2848,Pulp Fiction
2849,Nightcrawler
2850,Club Dread
2851,The Sound of Music
2852,Splash
2853,Little Miss Sunshine
2854,Stand by Me
2855,28 Days Later
2856,Escape from Alcatraz
2857,Brown Sugar
2858,50/50
2859,That Awkward Moment
2860,Much Ado About Nothing
2861,On Her Majesty's Secret Service
2862,New Nightmare
2863,Drive Me Crazy
2864,Akeelah and the Bee
2865,Half Baked
2866,New in Town
2867,American Psycho
2868,The Good Girl
2869,Bon Cop Bad Cop
2870,The Boondock Saints II: All Saints Day
2871,Easy A
2872,Shadow of the Vampire
2873,Prom
2874,The Pallbearer
2875,Woman on Top
2876,Anomalisa
2877,Another Year
2878,8 femmes
2879,Showdown in Little Tokyo
2880,It's Kind of a Funny Story
2881,Made in Dagenham
2882,Prefontaine
2883,Begin Again
2884,Down in the Valley
2885,Brooklyn Rules
2886,Fido
2887,Wild Target
2888,Pathology
2889,10th & Wolf
2890,Aloft
2891,アキラ
2892,The Death and Life of Bobby Z
2893,Maurice Richard
2894,Mr. Church
2895,Swimming Pool
2896,Code of Honor
2897,Driving Miss Daisy
2898,紅番區
2899,Loin des hommes
2900,Thank You for Smoking
2901,Hostel: Part II
2902,An Education
2903,Shopgirl
2904,The Hotel New Hampshire
2905,Narc
2906,Men with Brooms
2907,The Work and the Glory
2908,Extract
2909,Code 46
2910,Outside Bet
2911,Albert Nobbs
2912,Black November
2913,Persepolis
2914,Die Welle
2915,The Neon Demon
2916,Harry Brown
2917,Juno
2918,Pound of Flesh
2919,Diamonds Are Forever
2920,The Godfather
2921,Flashdance
2922,(500) Days of Summer
2923,The Piano
2924,Magic Mike
2925,Live and Let Die
2926,My Dog Skip
2927,Jumping the Broom
2928,"Good Night, and Good Luck."
2929,Capote
2930,Desperado
2931,Logan's Run
2932,The Man with the Golden Gun
2933,Action Jackson
2934,Devil's Due
2935,Flirting with Disaster
2936,Dope
2937,In Too Deep
2938,House of 1000 Corpses
2939,A Serious Man
2940,Get Low
2941,Warlock
2942,Beyond the Lights
2943,A Single Man
2944,The Last Temptation of Christ
2945,Outside Providence
2946,Bride & Prejudice
2947,Split Second
2948,The Other Side of Heaven
2949,Veer-Zaara
2950,Redbelt
2951,Cyrus
2952,Auto Focus
2953,Factory Girl
2954,We Need to Talk About Kevin
2955,The Mighty Macs
2956,Losin' It
2957,Mother and Child
2958,Somewhere
2959,I Hope They Serve Beer in Hell
2960,Hesher
2961,Gerry
2962,The Heart of Me
2963,Freeheld
2964,The Extra Man
2965,Трудно быть богом
2966,Ca$h
2967,The Boondock Saints
2968,Twixt
2969,Снежная королева
2970,Stargate: The Ark of Truth
2971,Dazed and Confused
2972,Criminal Activities
2973,Shade
2974,House at the End of the Street
2975,Incendies
2976,Tropa de Elite
2977,Annabelle
2978,Bran Nue Dae
2979,Boyz n the Hood
2980,La Bamba
2981,Dressed to Kill
2982,The Adventures of Huck Finn
2983,Go
2984,Friends with Money
2985,The Andromeda Strain
2986,Shame
2987,Layer Cake
2988,The Work and the Glory II: American Zion
2989,The East
2990,A Home at the End of the World
2991,The Messenger
2992,Tracker
2993,The Terminator
2994,"Good bye, Lenin!"
2995,The Damned United
2996,The Return of the Living Dead
2997,Mallrats
2998,Grease
2999,Platoon
3000,Fahrenheit 9/11
3001,Butch Cassidy and the Sundance Kid
3002,Mary Poppins
3003,Ordinary People
3004,West Side Story
3005,Caddyshack
3006,The Wood
3007,The Usual Suspects
3008,A Nightmare on Elm Street 5: The Dream Child
3009,National Lampoon’s Van Wilder
3010,The Wrestler
3011,Duel in the Sun
3012,Escape from New York
3013,Daddy Day Camp
3014,一個好人
3015,A Mighty Wind
3016,Sliding Doors
3017,Tales from the Hood
3018,The Last King of Scotland
3019,Halloween 5: The Revenge of Michael Myers
3020,Bernie
3021,Dolphins and Whales: Tribes of the Ocean
3022,200 Cigarettes
3023,The Words
3024,City Island
3025,The Guard
3026,College
3027,The Virgin Suicides
3028,Wish I Was Here
3029,Simply Irresistible
3030,Only the Strong
3031,Shattered Glass
3032,Novocaine
3033,The Wild Bunch
3034,The Wackness
3035,The First Great Train Robbery
3036,Beastmaster 2: Through the Portal of Time
3037,The 5th Quarter
3038,The Greatest
3039,Snow Flower and the Secret Fan
3040,Come Early Morning
3041,"Surfer, Dude"
3042,11:14
3043,Deadfall
3044,A Shine of Rainbows
3045,The Hit List
3046,Videodrome
3047,L'Auberge espagnole
3048,Song One
3049,Oorlogswinter
3050,The Train
3051,ต้มยำกุ้ง
3052,Bend It Like Beckham
3053,Crossover
3054,[REC]²
3055,The Sting
3056,Chariots of Fire
3057,Don Jon
3058,High Plains Drifter
3059,Ghost World
3060,Galaxina
3061,Mambo Italiano
3062,Wonderland
3063,Do the Right Thing
3064,Le Havre
3065,R100
3066,Rang De Basanti
3067,Salvation Boulevard
3068,Miss Julie
3069,Somewhere in Time
3070,Insidious: Chapter 2
3071,Saw II
3072,10 Cloverfield Lane
3073,Jackass: The Movie
3074,Lights Out
3075,Paranormal Activity 3
3076,Ouija
3077,A Nightmare on Elm Street 3: Dream Warriors
3078,No se Aceptan Devoluciones
3079,Paranormal Activity 4
3080,The Robe
3081,The Return of the Pink Panther
3082,Freddy's Dead: The Final Nightmare
3083,Monster
3084,"20,000 Leagues Under the Sea"
3085,Paranormal Activity: The Marked Ones
3086,The Elephant Man
3087,Dallas Buyers Club
3088,The Lazarus Effect
3089,Memento
3090,Oculus
3091,Clerks II
3092,Billy Elliot
3093,The Way Way Back
3094,The Man from Snowy River
3095,The Apostle
3096,Our Idiot Brother
3097,Race
3098,"As Above, So Below"
3099,Still Alice
3100,The Egyptian
3101,Nighthawks
3102,Friday the 13th Part VIII: Jason Takes Manhattan
3103,My Big Fat Greek Wedding
3104,Spring Breakers
3105,Halloween: The Curse of Michael Myers
3106,Y tu mamá también
3107,Shaun of the Dead
3108,Lone Star
3109,Halloween 4: The Return of Michael Myers
3110,April Fool's Day
3111,Lone Wolf McQuade
3112,Apollo 18
3113,Sunshine Cleaning
3114,No Escape
3115,Solomon and Sheba
3116,Fifty Shades of Black
3117,A Farewell to Arms
3118,Digimon: The Movie
3119,Les Invasions barbares
3120,The Forsaken
3121,Force 10 from Navarone
3122,UHF
3123,Slums of Beverly Hills
3124,C'era una volta il West
3125,Made
3126,Moon
3127,Sea Rex 3D: Journey to a Prehistoric World
3128,The Sweet Hereafter
3129,Des hommes et des dieux
3130,Bottle Shock
3131,Heavenly Creatures
3132,90 Minutes in Heaven
3133,Everything Must Go
3134,Zero Effect
3135,The Machinist
3136,Light Sleeper
3137,Kill the Messenger
3138,Rabbit Hole
3139,Party Monster
3140,Green Room
3141,The Oh in Ohio
3142,Atlas Shrugged Part III: Who is John Galt?
3143,Bottle Rocket
3144,Albino Alligator
3145,Tucker and Dale vs Evil
3146,Decoys
3147,The Visit
3148,Redacted
3149,Area 51
3150,Mientras duermes
3151,Rudderless
3152,Henry & Me
3153,Dying of the Light
3154,Capricorn One
3155,Yoga Hosers
3156,Soul Kitchen
3157,Sling Blade
3158,The Awakening
3159,Hostel
3160,Take Shelter
3161,Let's Kill Ward's Wife
3162,The Texas Chainsaw Massacre 2
3163,Pat Garrett & Billy the Kid
3164,Only God Forgives
3165,Without Men
3166,Le Nom des gens
3167,Treading Water
3168,Savage Grace
3169,Police Academy
3170,The Blue Lagoon
3171,Four Weddings and a Funeral
3172,Fast Times at Ridgemont High
3173,Moby Dick
3174,25th Hour
3175,Bound
3176,Requiem for a Dream
3177,Salvador
3178,Moms' Night Out
3179,Donnie Darko
3180,Karakter
3181,Spun
3182,Life During Wartime
3183,放‧逐
3184,After.Life
3185,One Flew Over the Cuckoo's Nest
3186,R.L. Stine's Monsterville: The Cabinet of Souls
3187,Airlift
3188,The Sweeney
3189,Sexy Beast
3190,Whale Rider
3191,Paa
3192,High School Musical
3193,Ночной дозор
3194,The Crying Game
3195,Porky's
3196,Survival of the Dead
3197,Night of the Living Dead
3198,Lost in Translation
3199,Annie Hall
3200,The Greatest Show on Earth
3201,Monster's Ball
3202,Maggie
3203,Leaving Las Vegas
3204,Hansel and Gretel Get Baked
3205,The Front Page
3206,The Boy Next Door
3207,Trapeze
3208,The Kids Are All Right
3209,They Live
3210,The Great Escape
3211,The Last Exorcism Part II
3212,Boyhood
3213,Scoop
3214,The Wash
3215,3 Strikes
3216,The Cooler
3217,The Misfits
3218,The Rules of Attraction
3219,Topaz
3220,Let's Go to Prison
3221,Four Rooms
3222,Secretary
3223,Talk Radio
3224,You Kill Me
3225,Red State
3226,Mirrormask
3227,Samsara
3228,The Loss of Sexual Innocence
3229,Joe
3230,Shooting Fish
3231,Prison
3232,Psycho Beach Party
3233,"Guten Tag, Ramón"
3234,Trust
3235,Adore
3236,The Velocity of Gary
3237,Los lunes al sol
3238,Stake Land
3239,Another Happy Day
3240,A Lonely Place to Die
3241,Hell's Angels
3242,Purple Violets
3243,The Veil
3244,The Helpers
3245,How to Fall in Love
3246,A Man for All Seasons
3247,Network
3248,Gone with the Wind
3249,Major Dundee
3250,Annie Get Your Gun
3251,Four Lions
3252,Defendor
3253,The Pirate
3254,The Good Heart
3255,The History Boys
3256,Midnight Cowboy
3257,The Full Monty
3258,Airplane!
3259,Chain of Command
3260,Friday
3261,Menace II Society
3262,Creepshow 2
3263,The Ballad of Cable Hogue
3264,In Cold Blood
3265,The Nun's Story
3266,Harper
3267,Frenzy
3268,The Witch
3269,She's the One
3270,Gods and Monsters
3271,El secreto de sus ojos
3272,Evil Dead II
3273,Sharknado
3274,Trolljegeren
3275,Winter Passing
3276,D.E.B.S.
3277,The Betrayed
3278,2:13
3279,"Batman: The Dark Knight Returns, Part 2"
3280,Time to Choose
3281,In the Name of the King III
3282,Wicked Blood
3283,Lords of London
3284,High Anxiety
3285,La Marche de l'empereur
3286,Margin Call
3287,Choke
3288,Whiplash
3289,Cidade de Deus
3290,Human Traffic
3291,To Write Love on Her Arms
3292,Jagten
3293,Class of 1984
3294,Opposite Sex
3295,Dreaming of Joseph Lees
3296,Rosemary's Baby
3297,The Man Who Shot Liberty Valance
3298,Beginners
3299,Animal House
3300,Goldfinger
3301,Antiviral
3302,It's a Wonderful Life
3303,Trainspotting
3304,Paranormal Activity 2
3305,Bowling for Columbine
3306,A Nightmare on Elm Street Part 2: Freddy's Revenge
3307,A Room with a View
3308,The Purge
3309,Sinister
3310,Martin Lawrence Live: Runteldat
3311,Cat on a Hot Tin Roof
3312,Beneath the Planet of the Apes
3313,Air Bud
3314,Pokémon 3: The Movie
3315,Friday the 13th Part VI: Jason Lives
3316,The Bridge on the River Kwai
3317,Spaced Invaders
3318,Family Plot
3319,The Apartment
3320,Jason Goes to Hell: The Final Friday
3321,Torn Curtain
3322,Dave Chappelle's Block Party
3323,Krush Groove
3324,Elmer Gantry
3325,Judgment at Nuremberg
3326,Red River
3327,Before Midnight
3328,Phantasm II
3329,Woman Thou Art Loosed
3330,East Is East
3331,Whipped
3332,Kama Sutra - A Tale of Love
3333,Please Give
3334,Willy Wonka & the Chocolate Factory
3335,Jawbreaker
3336,Basquiat
3337,Tsotsi
3338,Happiness
3339,Tusk
3340,올드보이
3341,Hobo with a Shotgun
3342,Compadres
3343,Freeway
3344,Fish Tank
3345,Bachelorette
3346,Sommersturm
3347,Just Looking
3348,The Divide
3349,Demonic
3350,Open Road
3351,Never Back Down 2: The Beatdown
3352,Point Blank
3353,Four Single Fathers
3354,Something Wicked
3355,AWOL-72
3356,Chicago Overcoat
3357,Central do Brasil
3358,Pocketful of Miracles
3359,Amnesiac
3360,Freakonomics
3361,Griff the Invisible
3362,Hustle & Flow
3363,Some Like It Hot
3364,Friday the 13th Part VII: The New Blood
3365,The Wizard of Oz
3366,Young Frankenstein
3367,Diary of the Dead
3368,The Black Stallion
3369,Donovan's Reef
3370,A Guy Named Joe
3371,Blazing Saddles
3372,Friday the 13th: The Final Chapter
3373,Ida
3374,Riding Giants
3375,Los cronocrímenes
3376,Timber Falls
3377,Singin' in the Rain
3378,A Haunted House
3379,2016: Obama's America
3380,Halloween III: Season of the Witch
3381,Escape from the Planet of the Apes
3382,Hud
3383,My Own Private Idaho
3384,Garden State
3385,Before Sunrise
3386,Robot & Frank
3387,The Spectacular Now
3388,Eye of the Dolphin
3389,The Other End of the Line
3390,Sleep Dealer
3391,Super
3392,Stung
3393,Antibirth
3394,Get on the Bus
3395,Idiocracy
3396,The Rise of the Krays
3397,This Is England
3398,U.F.O.
3399,Bathing Beauty
3400,Go for It!
3401,Show Boat
3402,The Brave Little Toaster
3403,Fantasia
3404,Friday the 13th Part III
3405,Friday the 13th: A New Beginning
3406,The Valley of Decision
3407,Eden
3408,The Best Years of Our Lives
3409,Mi America
3410,[REC]
3411,From Russia with Love
3412,Sleeper
3413,It Follows
3414,Everything You Always Wanted to Know About Sex *But Were Afraid to Ask
3415,To Kill a Mockingbird
3416,Mad Max 2
3417,Boys Don't Cry
3418,Silent House
3419,Das Leben der Anderen
3420,Courageous
3421,The Hustler
3422,Boom Town
3423,Les triplettes de Belleville
3424,Before Sunset
3425,Amores perros
3426,Thirteen
3427,Gentleman's Agreement
3428,Winter's Bone
3429,Alexander's Ragtime Band
3430,Inside Job
3431,We Are Your Friends
3432,Harsh Times
3433,Captive
3434,Full Frontal
3435,Shortbus
3436,Vals Im Bashir
3437,No End in Sight
3438,The Diary of a Teenage Girl
3439,In the Shadow of the Moon
3440,Inside Deep Throat
3441,The Virginity Hit
3442,Subway
3443,Six-String Samurai
3444,It's All Gone Pete Tong
3445,Saint John of Las Vegas
3446,Stonewall
3447,Roadside Romeo
3448,Return of the Living Dead 3
3449,Sherrybaby
3450,Grave Encounters
3451,Stitches
3452,Nine Dead
3453,"To Be Frank, Sinatra at 100"
3454,Bananas
3455,The Lady from Shanghai
3456,No Man's Land: The Rise of Reeker
3457,Highway
3458,Small Apartments
3459,Straight A's
3460,The Curse of Downers Grove
3461,Shark Lake
3462,River's Edge
3463,The Marine 4: Moving Target
3464,Buried
3465,Brotherly Love
3466,The Last Exorcism
3467,A Streetcar Named Desire
3468,Dr. Strangelove or: How I Learned to Stop Worrying and Love the Bomb
3469,El Crimen del Padre Amaro
3470,Beasts of the Southern Wild
3471,Battle for the Planet of the Apes
3472,Higher Ground
3473,Hang 'em High
3474,Independence Daysaster
3475,Dysfunctional Friends
3476,Lola rennt
3477,May
3478,Against the Wild
3479,Conquest of the Planet of the Apes
3480,In the Bedroom
3481,I Spit on Your Grave
3482,"Happy, Texas"
3483,Dabba
3484,You Can't Take It With You
3485,From Here to Eternity
3486,She Wore a Yellow Ribbon
3487,The Conversation
3488,Waitress
3489,Bloodsport
3490,Mr. Smith Goes to Washington
3491,Kids
3492,The Squid and the Whale
3493,Kissing Jessica Stein
3494,Kickboxer: Vengeance
3495,Spellbound
3496,Buffalo '66
3497,Insidious
3498,Repo Man
3499,Nueve Reinas
3500,The Ballad of Jack and Rose
3501,The To Do List
3502,Killing Zoe
3503,The Believer
3504,Session 9
3505,Modern Times
3506,My Name Is Bruce
3507,The Salon
3508,Road Hard
3509,Forty Shades of Blue
3510,Amigo
3511,Pontypool
3512,Trucker
3513,Me You and Five Bucks
3514,The Lords of Salem
3515,Fetching Cody
3516,Closer to the Moon
3517,#Horror
3518,Snow White and the Seven Dwarfs
3519,La niña santa
3520,Shalako
3521,Incident at Loch Ness
3522,The Dog Lover
3523,GirlHouse
3524,Batman
3525,"Lock, Stock and Two Smoking Barrels"
3526,Festen
3527,Vượt Sóng
3528,The Hebrew Hammer
3529,Rebecca
3530,Friday the 13th Part 2
3531,The Lost Weekend
3532,C.H.U.D.
3533,The Lion of Judah
3534,Niagara
3535,How Green Was My Valley
3536,"Sex, Lies, and Videotape"
3537,Saw
3538,Super Troopers
3539,Los insólitos peces gato
3540,The Trouble with Harry
3541,Home Run
3542,Reservoir Dogs
3543,"Il buono, il brutto, il cattivo"
3544,Blue Like Jazz
3545,"Pink Ribbons, Inc."
3546,Certifiably Jonathan
3547,Q
3548,The Charge of the Light Brigade
3549,Airborne
3550,Cotton Comes to Harlem
3551,Waiting...
3552,From a Whisper to a Scream
3553,Dracula: Pages from a Virgin's Diary
3554,Beyond the Black Rainbow
3555,Serbuan maut
3556,Casablanca
3557,Rocket Singh: Salesman of the Year
3558,Silent Running
3559,Rocky
3560,Tom Jones
3561,Unfriended
3562,Taxi Driver
3563,The Howling
3564,Dr. No
3565,Hellraiser
3566,God's Not Dead 2
3567,Cry_Wolf
3568,Gojira ni-sen mireniamu
3569,Blue Valentine
3570,Transamerica
3571,The Devil Inside
3572,Beyond the Valley of the Dolls
3573,Love Me Tender
3574,An Inconvenient Truth
3575,Sands of Iwo Jima
3576,The Green Inferno
3577,The Sessions
3578,20 Feet from Stardom
3579,Two Girls and a Guy
3580,Who Killed the Electric Car?
3581,The Broken Hearts Club: A Romantic Comedy
3582,Bubba Ho-tep
3583,Slam
3584,Brigham City
3585,Fiza
3586,Orgazmo
3587,Blue Car
3588,The Battle of Shaker Heights
3589,Jagal
3590,Taxi to the Dark Side
3591,Once in a Lifetime: The Extraordinary Story of the New York Cosmos
3592,Antarctica: A Year on Ice
3593,A LEGO Brickumentary
3594,Hardflip
3595,Speedway Junky
3596,Alone With Her
3597,Creative Control
3598,Special
3599,Heli
3600,Loving Annabelle
3601,Hits
3602,Snow White: A Deadly Summer
3603,My Last Day Without You
3604,Doc Holliday's Revenge
3605,Bang Bang Baby
3606,Fear Clinic
3607,Charly
3608,Banshee Chapter
3609,Ask Me Anything
3610,Food Chains
3611,On the Waterfront
3612,L!fe Happens
3613,"4 luni, 3 săptămîni și 2 zile"
3614,Hard Candy
3615,The Quiet
3616,Bambi
3617,Latter Days
3618,1982
3619,"For a Good Time, Call..."
3620,جدایی نادر از سیمین
3621,Ruby in Paradise
3622,Raising Victor Vargas
3623,The Mudge Boy
3624,Død snø
3625,Saints and Soldiers
3626,American Graffiti
3627,Safety Not Guaranteed
3628,Kill List
3629,The Innkeepers
3630,Il conformista
3631,Interview with the Assassin
3632,All the Boys Love Mandy Lane
3633,High Noon
3634,Hoop Dreams
3635,L.I.E. Long Island Expressway
3636,Half Nelson
3637,Naturally Native
3638,Adulterers
3639,Escape from Tomorrow
3640,Treachery
3641,Walter
3642,Top Hat
3643,The Blair Witch Project
3644,Woodstock
3645,The Kentucky Fried Movie
3646,They Will Have to Kill Us First
3647,A Hard Day's Night
3648,The Harvest (La Cosecha)
3649,Love Letters
3650,Fireproof
3651,Faith Connections
3652,Open Water
3653,Kingdom of the Spiders
3654,The Station Agent
3655,Beyond the Mat
3656,Osama
3657,Sholem Aleichem: Laughing In The Darkness
3658,Mean Creek
3659,Deceptive Practice: The Mysteries and Mentors of Ricky Jay
3660,七人の侍
3661,Johnny Suede
3662,Rubber
3663,Monsters
3664,Detention of the Dead
3665,Everything Put Together
3666,Girls Gone Dead
3667,El Rey de Najayo
3668,Conversations with Other Women
3669,42nd Street
3670,Metropolitan
3671,Napoleon Dynamite
3672,Paranormal Activity
3673,Monty Python and the Holy Grail
3674,Tarnation
3675,What Happens in Vegas
3676,The Dark Hours
3677,My Beautiful Laundrette
3678,Intolerance
3679,The Broadway Melody
3680,The Evil Dead
3681,Maniac
3682,Murderball
3683,Rotor DR1
3684,12 Angry Men
3685,It Happened One Night
3686,Tupac: Resurrection
3687,Tumbleweeds
3688,The Prophecy
3689,Pieces of April
3690,Old Joy
3691,Wendy and Lucy
3692,Pierrot le fou
3693,Ayurveda: Art of Being
3694,"First Love, Last Rites"
3695,Death Race 2000
3696,Anderson's Cross
3697,Some Guy Who Kills People
3698,Chasing Amy
3699,Lovely & Amazing
3700,American Desi
3701,Amidst the Devil's Wings
3702,Cube
3703,I Married a Strange Person!
3704,Like Crazy
3705,The Canyons
3706,The Sticky Fingers of Time
3707,Ink
3708,The Christmas Bunny
3709,The Big Parade
3710,Along the Roadside
3711,Bronson
3712,Burn
3713,The Stewardesses
3714,"The Beast from 20,000 Fathoms"
3715,Mad Max
3716,Swingers
3717,Per un pugno di dollari
3718,She Done Him Wrong
3719,The Grace Card
3720,The Business of Fancydancing
3721,Malevolence
3722,Super Hybrid
3723,بچه‌های آسمان
3724,Weekend
3725,Another Earth
3726,Sweet Sweetback's Baadasssss Song
3727,Perfect Cowboy
3728,Tadpole
3729,Once
3730,Roger & Me
3731,Your Sister's Sister
3732,A Dog's Breakfast
3733,Une femme mariée: Suite de fragments d'un film tourné en 1964
3734,The Birth of a Nation
3735,Facing the Giants
3736,The Gallows
3737,Eraserhead
3738,The Past Is a Grotesque Animal
3739,Pi
3740,Queen Crab
3741,Super Size Me
3742,The Brain That Wouldn't Die
3743,Absentia
3744,Tiny Furniture
3745,Hayride
3746,Counting
3747,The Call of Cthulhu
3748,The Signal
3749,The Image Revolution
3750,"Run, Hide, Die"
3751,Mutual Appreciation
3752,Down Terrace
3753,Clerks
3754,Pink Narcissus
3755,Dry Spell
3756,Pink Flamingos
3757,Tin Can Man
3758,キュア
3759,Primer
3760,El Mariachi
3761,Newlyweds
